coverage_id,point_id,chapter_id,heading_id,explanation_status,example_ids_json,answer_template_ids_json,source_refs_json,draft_status,source_check_status,human_review_status,checked_by,checked_at,blockers_json,updated_at
4PH1:issue4:2.1:charge-current-units,4PH1:issue4:2.1,electricity,charge-current-units,partial,"[""charge-current-units:example""]",[],"[{""documentId"":""4PH1-spec"",""pdfPages"":[20],""provenanceKind"":""source-fact"",""observation"":""Specification scope reviewed; explanation and examples are original teaching content.""}]",drafted,agent-source-checked,not-reviewed,Codex Astra,2026-09-11,"[""Substatement audit pending"",""Assessment-family and whole-chapter review incomplete""]",2026-09-11
4PH1:issue4:2.2:domestic-electrical-protection,4PH1:issue4:2.2,electricity,domestic-electrical-protection,partial,"[""domestic-electrical-protection:example""]",[],"[{""documentId"":""4PH1-spec"",""pdfPages"":[20],""provenanceKind"":""source-fact"",""observation"":""Specification scope reviewed; explanation and examples are original teaching content.""}]",drafted,agent-source-checked,not-reviewed,Codex Astra,2026-09-11,"[""Substatement audit pending"",""Assessment-family and whole-chapter review incomplete""]",2026-09-11
4PH1:issue4:2.3:resistor-heating,4PH1:issue4:2.3,electricity,resistor-heating,partial,"[""resistor-heating:example""]",[],"[{""documentId"":""4PH1-spec"",""pdfPages"":[20],""provenanceKind"":""source-fact"",""observation"":""Specification scope reviewed; explanation and examples are original teaching content.""}]",drafted,agent-source-checked,not-reviewed,Codex Astra,2026-09-11,"[""Substatement audit pending"",""Assessment-family and whole-chapter review incomplete""]",2026-09-11
4PH1:issue4:2.4:power-and-fuse-selection,4PH1:issue4:2.4,electricity,power-and-fuse-selection,partial,"[""power-and-fuse-selection:example""]",[],"[{""documentId"":""4PH1-spec"",""pdfPages"":[20],""provenanceKind"":""source-fact"",""observation"":""Specification scope reviewed; explanation and examples are original teaching content.""}]",drafted,agent-source-checked,not-reviewed,Codex Astra,2026-09-11,"[""Substatement audit pending"",""Assessment-family and whole-chapter review incomplete""]",2026-09-11
4PH1:issue4:2.5:electrical-energy-time,4PH1:issue4:2.5,electricity,electrical-energy-time,partial,"[""electrical-energy-time:example""]",[],"[{""documentId"":""4PH1-spec"",""pdfPages"":[20],""provenanceKind"":""source-fact"",""observation"":""Specification scope reviewed; explanation and examples are original teaching content.""}]",drafted,agent-source-checked,not-reviewed,Codex Astra,2026-09-11,"[""Substatement audit pending"",""Assessment-family and whole-chapter review incomplete""]",2026-09-11
4PH1:issue4:2.6:alternating-and-direct-current,4PH1:issue4:2.6,electricity,alternating-and-direct-current,partial,"[""alternating-and-direct-current:example""]",[],"[{""documentId"":""4PH1-spec"",""pdfPages"":[20],""provenanceKind"":""source-fact"",""observation"":""Specification scope reviewed; explanation and examples are original teaching content.""}]",drafted,agent-source-checked,not-reviewed,Codex Astra,2026-09-11,"[""Substatement audit pending"",""Assessment-family and whole-chapter review incomplete""]",2026-09-11
4PH1:issue4:2.7:parallel-branches,4PH1:issue4:2.7,electricity,parallel-branches,partial,"[""parallel-branches:example""]",[],"[{""documentId"":""4PH1-spec"",""pdfPages"":[20],""provenanceKind"":""source-fact"",""observation"":""Specification scope reviewed; explanation and examples are original teaching content.""}]",drafted,agent-source-checked,not-reviewed,Codex Astra,2026-09-11,"[""Substatement audit pending"",""Assessment-family and whole-chapter review incomplete""]",2026-09-11
4PH1:issue4:2.8:series-circuit-calculations,4PH1:issue4:2.8,electricity,series-circuit-calculations,partial,"[""series-circuit-calculations:example""]",[],"[{""documentId"":""4PH1-spec"",""pdfPages"":[20],""provenanceKind"":""source-fact"",""observation"":""Specification scope reviewed; explanation and examples are original teaching content.""}]",drafted,agent-source-checked,not-reviewed,Codex Astra,2026-09-11,"[""Substatement audit pending"",""Assessment-family and whole-chapter review incomplete""]",2026-09-11
4PH1:issue4:2.9:current-voltage-characteristics,4PH1:issue4:2.9,electricity,current-voltage-characteristics,partial,"[""current-voltage-characteristics:example""]",[],"[{""documentId"":""4PH1-spec"",""pdfPages"":[20],""provenanceKind"":""source-fact"",""observation"":""Specification scope reviewed; explanation and examples are original teaching content.""}]",drafted,agent-source-checked,not-reviewed,Codex Astra,2026-09-11,"[""Substatement audit pending"",""Assessment-family and whole-chapter review incomplete""]",2026-09-11
4PH1:issue4:2.9:investigate-current-voltage,4PH1:issue4:2.9,electricity,investigate-current-voltage,partial,[],[],"[{""documentId"":""4PH1-spec"",""pdfPages"":[20],""provenanceKind"":""source-fact"",""observation"":""Specification scope reviewed; explanation and examples are original teaching content.""}]",drafted,agent-source-checked,not-reviewed,Codex Astra,2026-09-11,"[""Substatement audit pending"",""Assessment-family and whole-chapter review incomplete""]",2026-09-11
4PH1:issue4:2.10:resistance-and-ohms-law,4PH1:issue4:2.10,electricity,resistance-and-ohms-law,partial,"[""resistance-and-ohms-law:example""]",[],"[{""documentId"":""4PH1-spec"",""pdfPages"":[21],""provenanceKind"":""source-fact"",""observation"":""Specification scope reviewed; explanation and examples are original teaching content.""}]",drafted,agent-source-checked,not-reviewed,Codex Astra,2026-09-11,"[""Substatement audit pending"",""Assessment-family and whole-chapter review incomplete""]",2026-09-11
4PH1:issue4:2.11:ldr-and-thermistor,4PH1:issue4:2.11,electricity,ldr-and-thermistor,partial,"[""ldr-and-thermistor:example""]",[],"[{""documentId"":""4PH1-spec"",""pdfPages"":[21],""provenanceKind"":""source-fact"",""observation"":""Specification scope reviewed; explanation and examples are original teaching content.""}]",drafted,agent-source-checked,not-reviewed,Codex Astra,2026-09-11,"[""Substatement audit pending"",""Assessment-family and whole-chapter review incomplete""]",2026-09-11
4PH1:issue4:2.12:lamps-and-led-indicators,4PH1:issue4:2.12,electricity,lamps-and-led-indicators,partial,"[""lamps-and-led-indicators:example""]",[],"[{""documentId"":""4PH1-spec"",""pdfPages"":[21],""provenanceKind"":""source-fact"",""observation"":""Specification scope reviewed; explanation and examples are original teaching content.""}]",drafted,agent-source-checked,not-reviewed,Codex Astra,2026-09-11,"[""Substatement audit pending"",""Assessment-family and whole-chapter review incomplete""]",2026-09-11
4PH1:issue4:2.13:resistance-and-ohms-law,4PH1:issue4:2.13,electricity,resistance-and-ohms-law,partial,"[""resistance-and-ohms-law:example""]",[],"[{""documentId"":""4PH1-spec"",""pdfPages"":[21],""provenanceKind"":""source-fact"",""observation"":""Specification scope reviewed; explanation and examples are original teaching content.""}]",drafted,agent-source-checked,not-reviewed,Codex Astra,2026-09-11,"[""Substatement audit pending"",""Assessment-family and whole-chapter review incomplete""]",2026-09-11
4PH1:issue4:2.14:charge-current-units,4PH1:issue4:2.14,electricity,charge-current-units,partial,"[""charge-current-units:example""]",[],"[{""documentId"":""4PH1-spec"",""pdfPages"":[21],""provenanceKind"":""source-fact"",""observation"":""Specification scope reviewed; explanation and examples are original teaching content.""}]",drafted,agent-source-checked,not-reviewed,Codex Astra,2026-09-11,"[""Substatement audit pending"",""Assessment-family and whole-chapter review incomplete""]",2026-09-11
4PH1:issue4:2.15:charge-current-units,4PH1:issue4:2.15,electricity,charge-current-units,partial,"[""charge-current-units:example""]",[],"[{""documentId"":""4PH1-spec"",""pdfPages"":[21],""provenanceKind"":""source-fact"",""observation"":""Specification scope reviewed; explanation and examples are original teaching content.""}]",drafted,agent-source-checked,not-reviewed,Codex Astra,2026-09-11,"[""Substatement audit pending"",""Assessment-family and whole-chapter review incomplete""]",2026-09-11
4PH1:issue4:2.16:charge-current-units,4PH1:issue4:2.16,electricity,charge-current-units,partial,"[""charge-current-units:example""]",[],"[{""documentId"":""4PH1-spec"",""pdfPages"":[21],""provenanceKind"":""source-fact"",""observation"":""Specification scope reviewed; explanation and examples are original teaching content.""}]",drafted,agent-source-checked,not-reviewed,Codex Astra,2026-09-11,"[""Substatement audit pending"",""Assessment-family and whole-chapter review incomplete""]",2026-09-11
4PH1:issue4:2.17:parallel-branches,4PH1:issue4:2.17,electricity,parallel-branches,partial,"[""parallel-branches:example""]",[],"[{""documentId"":""4PH1-spec"",""pdfPages"":[21],""provenanceKind"":""source-fact"",""observation"":""Specification scope reviewed; explanation and examples are original teaching content.""}]",drafted,agent-source-checked,not-reviewed,Codex Astra,2026-09-11,"[""Substatement audit pending"",""Assessment-family and whole-chapter review incomplete""]",2026-09-11
4PH1:issue4:2.18:parallel-branches,4PH1:issue4:2.18,electricity,parallel-branches,partial,"[""parallel-branches:example""]",[],"[{""documentId"":""4PH1-spec"",""pdfPages"":[21],""provenanceKind"":""source-fact"",""observation"":""Specification scope reviewed; explanation and examples are original teaching content.""}]",drafted,agent-source-checked,not-reviewed,Codex Astra,2026-09-11,"[""Substatement audit pending"",""Assessment-family and whole-chapter review incomplete""]",2026-09-11
4PH1:issue4:2.19:series-circuit-calculations,4PH1:issue4:2.19,electricity,series-circuit-calculations,partial,"[""series-circuit-calculations:example""]",[],"[{""documentId"":""4PH1-spec"",""pdfPages"":[21],""provenanceKind"":""source-fact"",""observation"":""Specification scope reviewed; explanation and examples are original teaching content.""}]",drafted,agent-source-checked,not-reviewed,Codex Astra,2026-09-11,"[""Substatement audit pending"",""Assessment-family and whole-chapter review incomplete""]",2026-09-11
4PH1:issue4:2.20:voltage-energy-charge,4PH1:issue4:2.20,electricity,voltage-energy-charge,partial,"[""voltage-energy-charge:example""]",[],"[{""documentId"":""4PH1-spec"",""pdfPages"":[21],""provenanceKind"":""source-fact"",""observation"":""Specification scope reviewed; explanation and examples are original teaching content.""}]",drafted,agent-source-checked,not-reviewed,Codex Astra,2026-09-11,"[""Substatement audit pending"",""Assessment-family and whole-chapter review incomplete""]",2026-09-11
4PH1:issue4:2.21:voltage-energy-charge,4PH1:issue4:2.21,electricity,voltage-energy-charge,partial,"[""voltage-energy-charge:example""]",[],"[{""documentId"":""4PH1-spec"",""pdfPages"":[21],""provenanceKind"":""source-fact"",""observation"":""Specification scope reviewed; explanation and examples are original teaching content.""}]",drafted,agent-source-checked,not-reviewed,Codex Astra,2026-09-11,"[""Substatement audit pending"",""Assessment-family and whole-chapter review incomplete""]",2026-09-11
4PH1:issue4:2.22P:electrostatic-charge-transfer,4PH1:issue4:2.22P,electricity,electrostatic-charge-transfer,partial,"[""electrostatic-charge-transfer:example""]",[],"[{""documentId"":""4PH1-spec"",""pdfPages"":[21],""provenanceKind"":""source-fact"",""observation"":""Specification scope reviewed; explanation and examples are original teaching content.""}]",drafted,agent-source-checked,not-reviewed,Codex Astra,2026-09-11,"[""Substatement audit pending"",""Assessment-family and whole-chapter review incomplete""]",2026-09-11
4PH1:issue4:2.23P:investigate-friction-charging,4PH1:issue4:2.23P,electricity,investigate-friction-charging,partial,[],[],"[{""documentId"":""4PH1-spec"",""pdfPages"":[21],""provenanceKind"":""source-fact"",""observation"":""Specification scope reviewed; explanation and examples are original teaching content.""}]",drafted,agent-source-checked,not-reviewed,Codex Astra,2026-09-11,"[""Substatement audit pending"",""Assessment-family and whole-chapter review incomplete""]",2026-09-11
4PH1:issue4:2.24P:electrostatic-charge-transfer,4PH1:issue4:2.24P,electricity,electrostatic-charge-transfer,partial,"[""electrostatic-charge-transfer:example""]",[],"[{""documentId"":""4PH1-spec"",""pdfPages"":[21],""provenanceKind"":""source-fact"",""observation"":""Specification scope reviewed; explanation and examples are original teaching content.""}]",drafted,agent-source-checked,not-reviewed,Codex Astra,2026-09-11,"[""Substatement audit pending"",""Assessment-family and whole-chapter review incomplete""]",2026-09-11
4PH1:issue4:2.24P:investigate-friction-charging,4PH1:issue4:2.24P,electricity,investigate-friction-charging,partial,[],[],"[{""documentId"":""4PH1-spec"",""pdfPages"":[21],""provenanceKind"":""source-fact"",""observation"":""Specification scope reviewed; explanation and examples are original teaching content.""}]",drafted,agent-source-checked,not-reviewed,Codex Astra,2026-09-11,"[""Substatement audit pending"",""Assessment-family and whole-chapter review incomplete""]",2026-09-11
4PH1:issue4:2.25P:electrostatic-forces,4PH1:issue4:2.25P,electricity,electrostatic-forces,partial,"[""electrostatic-forces:example""]",[],"[{""documentId"":""4PH1-spec"",""pdfPages"":[21],""provenanceKind"":""source-fact"",""observation"":""Specification scope reviewed; explanation and examples are original teaching content.""}]",drafted,agent-source-checked,not-reviewed,Codex Astra,2026-09-11,"[""Substatement audit pending"",""Assessment-family and whole-chapter review incomplete""]",2026-09-11
4PH1:issue4:2.25P:investigate-friction-charging,4PH1:issue4:2.25P,electricity,investigate-friction-charging,partial,[],[],"[{""documentId"":""4PH1-spec"",""pdfPages"":[21],""provenanceKind"":""source-fact"",""observation"":""Specification scope reviewed; explanation and examples are original teaching content.""}]",drafted,agent-source-checked,not-reviewed,Codex Astra,2026-09-11,"[""Substatement audit pending"",""Assessment-family and whole-chapter review incomplete""]",2026-09-11
4PH1:issue4:2.26P:electrostatic-charge-transfer,4PH1:issue4:2.26P,electricity,electrostatic-charge-transfer,partial,"[""electrostatic-charge-transfer:example""]",[],"[{""documentId"":""4PH1-spec"",""pdfPages"":[21],""provenanceKind"":""source-fact"",""observation"":""Specification scope reviewed; explanation and examples are original teaching content.""}]",drafted,agent-source-checked,not-reviewed,Codex Astra,2026-09-11,"[""Substatement audit pending"",""Assessment-family and whole-chapter review incomplete""]",2026-09-11
4PH1:issue4:2.26P:electrostatic-forces,4PH1:issue4:2.26P,electricity,electrostatic-forces,partial,"[""electrostatic-forces:example""]",[],"[{""documentId"":""4PH1-spec"",""pdfPages"":[21],""provenanceKind"":""source-fact"",""observation"":""Specification scope reviewed; explanation and examples are original teaching content.""}]",drafted,agent-source-checked,not-reviewed,Codex Astra,2026-09-11,"[""Substatement audit pending"",""Assessment-family and whole-chapter review incomplete""]",2026-09-11
4PH1:issue4:2.27P:electrostatic-fuelling-hazards,4PH1:issue4:2.27P,electricity,electrostatic-fuelling-hazards,partial,"[""electrostatic-fuelling-hazards:example""]",[],"[{""documentId"":""4PH1-spec"",""pdfPages"":[21],""provenanceKind"":""source-fact"",""observation"":""Specification scope reviewed; explanation and examples are original teaching content.""}]",drafted,agent-source-checked,not-reviewed,Codex Astra,2026-09-11,"[""Substatement audit pending"",""Assessment-family and whole-chapter review incomplete""]",2026-09-11
4PH1:issue4:2.28P:electrostatic-printing,4PH1:issue4:2.28P,electricity,electrostatic-printing,partial,"[""electrostatic-printing:example""]",[],"[{""documentId"":""4PH1-spec"",""pdfPages"":[21],""provenanceKind"":""source-fact"",""observation"":""Specification scope reviewed; explanation and examples are original teaching content.""}]",drafted,agent-source-checked,not-reviewed,Codex Astra,2026-09-11,"[""Substatement audit pending"",""Assessment-family and whole-chapter review incomplete""]",2026-09-11
4PH1:issue4:1.1:motion-units,4PH1:issue4:1.1,forces-and-motion,motion-units,partial,"[""motion-units:example""]",[],"[{""documentId"":""4PH1-spec"",""pdfPages"":[17],""provenanceKind"":""source-fact"",""observation"":""Specification scope reviewed; explanation and examples are original teaching content.""}]",drafted,agent-source-checked,not-reviewed,Codex Astra,2026-09-19,"[""Substatement audit pending"",""Assessment-family and whole-chapter review incomplete""]",2026-09-19
4PH1:issue4:1.1:force-mass-weight,4PH1:issue4:1.1,forces-and-motion,force-mass-weight,partial,"[""force-mass-weight:example""]",[],"[{""documentId"":""4PH1-spec"",""pdfPages"":[17],""provenanceKind"":""source-fact"",""observation"":""Specification scope reviewed; explanation and examples are original teaching content.""}]",drafted,agent-source-checked,not-reviewed,Codex Astra,2026-09-19,"[""Substatement audit pending"",""Assessment-family and whole-chapter review incomplete""]",2026-09-19
4PH1:issue4:1.2P:momentum-conservation,4PH1:issue4:1.2P,forces-and-motion,momentum-conservation,partial,"[""momentum-conservation:example""]",[],"[{""documentId"":""4PH1-spec"",""pdfPages"":[17],""provenanceKind"":""source-fact"",""observation"":""Specification scope reviewed; explanation and examples are original teaching content.""}]",drafted,agent-source-checked,not-reviewed,Codex Astra,2026-09-09,"[""Substatement audit pending"",""Assessment-family and whole-chapter review incomplete""]",2026-09-09
4PH1:issue4:1.2P:moments-and-equilibrium,4PH1:issue4:1.2P,forces-and-motion,moments-and-equilibrium,partial,"[""moments-and-equilibrium:example""]",[],"[{""documentId"":""4PH1-spec"",""pdfPages"":[17],""provenanceKind"":""source-fact"",""observation"":""Specification scope reviewed; explanation and examples are original teaching content.""}]",drafted,agent-source-checked,not-reviewed,Codex Astra,2026-09-09,"[""Substatement audit pending"",""Assessment-family and whole-chapter review incomplete""]",2026-09-09
4PH1:issue4:1.3:distance-time-graphs,4PH1:issue4:1.3,forces-and-motion,distance-time-graphs,partial,"[""distance-time-graphs:example""]",[],"[{""documentId"":""4PH1-spec"",""pdfPages"":[17],""provenanceKind"":""source-fact"",""observation"":""Specification scope reviewed; explanation and examples are original teaching content.""}]",drafted,agent-source-checked,not-reviewed,Codex Astra,2026-09-17,"[""Substatement audit pending"",""Assessment-family and whole-chapter review incomplete""]",2026-09-17
4PH1:issue4:1.3:plotting-motion-data,4PH1:issue4:1.3,forces-and-motion,plotting-motion-data,partial,"[""plotting-motion-data:example""]",[],"[{""documentId"":""4PH1-spec"",""pdfPages"":[17],""provenanceKind"":""source-fact"",""observation"":""Specification scope reviewed; explanation and examples are original teaching content.""}]",drafted,agent-source-checked,not-reviewed,Codex Astra,2026-09-17,"[""Substatement audit pending"",""Assessment-family and whole-chapter review incomplete""]",2026-09-17
4PH1:issue4:1.4:average-speed,4PH1:issue4:1.4,forces-and-motion,average-speed,partial,"[""average-speed:example""]",[],"[{""documentId"":""4PH1-spec"",""pdfPages"":[17],""provenanceKind"":""source-fact"",""observation"":""Specification scope reviewed; explanation and examples are original teaching content.""}]",drafted,agent-source-checked,not-reviewed,Codex Astra,2026-09-09,"[""Substatement audit pending"",""Assessment-family and whole-chapter review incomplete""]",2026-09-09
4PH1:issue4:1.4:distance-time-graphs,4PH1:issue4:1.4,forces-and-motion,distance-time-graphs,partial,"[""distance-time-graphs:example""]",[],"[{""documentId"":""4PH1-spec"",""pdfPages"":[17],""provenanceKind"":""source-fact"",""observation"":""Specification scope reviewed; explanation and examples are original teaching content.""}]",drafted,agent-source-checked,not-reviewed,Codex Astra,2026-09-09,"[""Substatement audit pending"",""Assessment-family and whole-chapter review incomplete""]",2026-09-09
4PH1:issue4:1.4:investigating-motion,4PH1:issue4:1.4,forces-and-motion,investigating-motion,partial,"[""investigating-motion:example""]",[],"[{""documentId"":""4PH1-spec"",""pdfPages"":[17],""provenanceKind"":""source-fact"",""observation"":""Specification scope reviewed; explanation and examples are original teaching content.""}]",drafted,agent-source-checked,not-reviewed,Codex Astra,2026-09-09,"[""Substatement audit pending"",""Assessment-family and whole-chapter review incomplete""]",2026-09-09
4PH1:issue4:1.5:investigating-motion,4PH1:issue4:1.5,forces-and-motion,investigating-motion,partial,"[""investigating-motion:example""]",[],"[{""documentId"":""4PH1-spec"",""pdfPages"":[17],""provenanceKind"":""source-fact"",""observation"":""Specification scope reviewed; explanation and examples are original teaching content.""}]",drafted,agent-source-checked,not-reviewed,Codex Astra,2026-09-09,"[""Substatement audit pending"",""Assessment-family and whole-chapter review incomplete""]",2026-09-09
4PH1:issue4:1.6:investigating-motion,4PH1:issue4:1.6,forces-and-motion,investigating-motion,partial,"[""investigating-motion:example""]",[],"[{""documentId"":""4PH1-spec"",""pdfPages"":[17],""provenanceKind"":""source-fact"",""observation"":""Specification scope reviewed; explanation and examples are original teaching content.""}]",drafted,agent-source-checked,not-reviewed,Codex Astra,2026-09-09,"[""Substatement audit pending"",""Assessment-family and whole-chapter review incomplete""]",2026-09-09
4PH1:issue4:1.6:acceleration,4PH1:issue4:1.6,forces-and-motion,acceleration,partial,"[""acceleration:example""]",[],"[{""documentId"":""4PH1-spec"",""pdfPages"":[17],""provenanceKind"":""source-fact"",""observation"":""Specification scope reviewed; explanation and examples are original teaching content.""}]",drafted,agent-source-checked,not-reviewed,Codex Astra,2026-09-09,"[""Substatement audit pending"",""Assessment-family and whole-chapter review incomplete""]",2026-09-09
4PH1:issue4:1.6:velocity-time-graphs,4PH1:issue4:1.6,forces-and-motion,velocity-time-graphs,partial,"[""velocity-time-graphs:example""]",[],"[{""documentId"":""4PH1-spec"",""pdfPages"":[17],""provenanceKind"":""source-fact"",""observation"":""Specification scope reviewed; explanation and examples are original teaching content.""}]",drafted,agent-source-checked,not-reviewed,Codex Astra,2026-09-09,"[""Substatement audit pending"",""Assessment-family and whole-chapter review incomplete""]",2026-09-09
4PH1:issue4:1.7:velocity-time-graphs,4PH1:issue4:1.7,forces-and-motion,velocity-time-graphs,partial,"[""velocity-time-graphs:example""]",[],"[{""documentId"":""4PH1-spec"",""pdfPages"":[17],""provenanceKind"":""source-fact"",""observation"":""Specification scope reviewed; explanation and examples are original teaching content.""}]",drafted,agent-source-checked,not-reviewed,Codex Astra,2026-09-18,"[""Substatement audit pending"",""Assessment-family and whole-chapter review incomplete""]",2026-09-18
4PH1:issue4:1.7:plotting-motion-data,4PH1:issue4:1.7,forces-and-motion,plotting-motion-data,partial,"[""plotting-motion-data:example""]",[],"[{""documentId"":""4PH1-spec"",""pdfPages"":[17],""provenanceKind"":""source-fact"",""observation"":""Specification scope reviewed; explanation and examples are original teaching content.""}]",drafted,agent-source-checked,not-reviewed,Codex Astra,2026-09-18,"[""Substatement audit pending"",""Assessment-family and whole-chapter review incomplete""]",2026-09-18
4PH1:issue4:1.7:tangent-acceleration,4PH1:issue4:1.7,forces-and-motion,tangent-acceleration,partial,"[""tangent-acceleration:example""]",[],"[{""documentId"":""4PH1-spec"",""pdfPages"":[17],""provenanceKind"":""source-fact"",""observation"":""Specification scope reviewed; explanation and examples are original teaching content.""}]",drafted,agent-source-checked,not-reviewed,Codex Astra,2026-09-18,"[""Substatement audit pending"",""Assessment-family and whole-chapter review incomplete""]",2026-09-18
4PH1:issue4:1.8:velocity-time-graphs,4PH1:issue4:1.8,forces-and-motion,velocity-time-graphs,partial,"[""velocity-time-graphs:example""]",[],"[{""documentId"":""4PH1-spec"",""pdfPages"":[17],""provenanceKind"":""source-fact"",""observation"":""Specification scope reviewed; explanation and examples are original teaching content.""}]",drafted,agent-source-checked,not-reviewed,Codex Astra,2026-09-18,"[""Substatement audit pending"",""Assessment-family and whole-chapter review incomplete""]",2026-09-18
4PH1:issue4:1.8:tangent-acceleration,4PH1:issue4:1.8,forces-and-motion,tangent-acceleration,partial,"[""tangent-acceleration:example""]",[],"[{""documentId"":""4PH1-spec"",""pdfPages"":[17],""provenanceKind"":""source-fact"",""observation"":""Specification scope reviewed; explanation and examples are original teaching content.""}]",drafted,agent-source-checked,not-reviewed,Codex Astra,2026-09-18,"[""Substatement audit pending"",""Assessment-family and whole-chapter review incomplete""]",2026-09-18
4PH1:issue4:1.9:distance-from-velocity-graphs,4PH1:issue4:1.9,forces-and-motion,distance-from-velocity-graphs,partial,"[""distance-from-velocity-graphs:example""]",[],"[{""documentId"":""4PH1-spec"",""pdfPages"":[17],""provenanceKind"":""source-fact"",""observation"":""Specification scope reviewed; explanation and examples are original teaching content.""}]",drafted,agent-source-checked,not-reviewed,Codex Astra,2026-09-18,"[""Substatement audit pending"",""Assessment-family and whole-chapter review incomplete""]",2026-09-18
4PH1:issue4:1.9:estimating-curved-area,4PH1:issue4:1.9,forces-and-motion,estimating-curved-area,partial,"[""estimating-curved-area:example""]",[],"[{""documentId"":""4PH1-spec"",""pdfPages"":[17],""provenanceKind"":""source-fact"",""observation"":""Specification scope reviewed; explanation and examples are original teaching content.""}]",drafted,agent-source-checked,not-reviewed,Codex Astra,2026-09-18,"[""Substatement audit pending"",""Assessment-family and whole-chapter review incomplete""]",2026-09-18
4PH1:issue4:1.10:constant-acceleration,4PH1:issue4:1.10,forces-and-motion,constant-acceleration,partial,"[""constant-acceleration:example""]",[],"[{""documentId"":""4PH1-spec"",""pdfPages"":[17],""provenanceKind"":""source-fact"",""observation"":""Specification scope reviewed; explanation and examples are original teaching content.""}]",drafted,agent-source-checked,not-reviewed,Codex Astra,2026-09-09,"[""Substatement audit pending"",""Assessment-family and whole-chapter review incomplete""]",2026-09-09
4PH1:issue4:1.11:forces-and-vectors,4PH1:issue4:1.11,forces-and-motion,forces-and-vectors,partial,"[""forces-and-vectors:example""]",[],"[{""documentId"":""4PH1-spec"",""pdfPages"":[18],""provenanceKind"":""source-fact"",""observation"":""Specification scope reviewed; explanation and examples are original teaching content.""}]",drafted,agent-source-checked,not-reviewed,Codex Astra,2026-09-19,"[""Substatement audit pending"",""Assessment-family and whole-chapter review incomplete""]",2026-09-19
4PH1:issue4:1.11:identifying-force-effects,4PH1:issue4:1.11,forces-and-motion,identifying-force-effects,partial,"[""identifying-force-effects:example""]",[],"[{""documentId"":""4PH1-spec"",""pdfPages"":[18],""provenanceKind"":""source-fact"",""observation"":""Specification scope reviewed; explanation and examples are original teaching content.""}]",drafted,agent-source-checked,not-reviewed,Codex Astra,2026-09-19,"[""Substatement audit pending"",""Assessment-family and whole-chapter review incomplete""]",2026-09-19
4PH1:issue4:1.12:forces-and-vectors,4PH1:issue4:1.12,forces-and-motion,forces-and-vectors,partial,"[""forces-and-vectors:example""]",[],"[{""documentId"":""4PH1-spec"",""pdfPages"":[18],""provenanceKind"":""source-fact"",""observation"":""Specification scope reviewed; explanation and examples are original teaching content.""}]",drafted,agent-source-checked,not-reviewed,Codex Astra,2026-09-19,"[""Substatement audit pending"",""Assessment-family and whole-chapter review incomplete""]",2026-09-19
4PH1:issue4:1.12:identifying-force-effects,4PH1:issue4:1.12,forces-and-motion,identifying-force-effects,partial,"[""identifying-force-effects:example""]",[],"[{""documentId"":""4PH1-spec"",""pdfPages"":[18],""provenanceKind"":""source-fact"",""observation"":""Specification scope reviewed; explanation and examples are original teaching content.""}]",drafted,agent-source-checked,not-reviewed,Codex Astra,2026-09-19,"[""Substatement audit pending"",""Assessment-family and whole-chapter review incomplete""]",2026-09-19
4PH1:issue4:1.13:forces-and-vectors,4PH1:issue4:1.13,forces-and-motion,forces-and-vectors,partial,"[""forces-and-vectors:example""]",[],"[{""documentId"":""4PH1-spec"",""pdfPages"":[18],""provenanceKind"":""source-fact"",""observation"":""Specification scope reviewed; explanation and examples are original teaching content.""}]",drafted,agent-source-checked,not-reviewed,Codex Astra,2026-09-19,"[""Substatement audit pending"",""Assessment-family and whole-chapter review incomplete""]",2026-09-19
4PH1:issue4:1.13:identifying-force-effects,4PH1:issue4:1.13,forces-and-motion,identifying-force-effects,partial,"[""identifying-force-effects:example""]",[],"[{""documentId"":""4PH1-spec"",""pdfPages"":[18],""provenanceKind"":""source-fact"",""observation"":""Specification scope reviewed; explanation and examples are original teaching content.""}]",drafted,agent-source-checked,not-reviewed,Codex Astra,2026-09-19,"[""Substatement audit pending"",""Assessment-family and whole-chapter review incomplete""]",2026-09-19
4PH1:issue4:1.14:forces-and-vectors,4PH1:issue4:1.14,forces-and-motion,forces-and-vectors,partial,"[""forces-and-vectors:example""]",[],"[{""documentId"":""4PH1-spec"",""pdfPages"":[18],""provenanceKind"":""source-fact"",""observation"":""Specification scope reviewed; explanation and examples are original teaching content.""}]",drafted,agent-source-checked,not-reviewed,Codex Astra,2026-09-19,"[""Substatement audit pending"",""Assessment-family and whole-chapter review incomplete""]",2026-09-19
4PH1:issue4:1.14:identifying-force-effects,4PH1:issue4:1.14,forces-and-motion,identifying-force-effects,partial,"[""identifying-force-effects:example""]",[],"[{""documentId"":""4PH1-spec"",""pdfPages"":[18],""provenanceKind"":""source-fact"",""observation"":""Specification scope reviewed; explanation and examples are original teaching content.""}]",drafted,agent-source-checked,not-reviewed,Codex Astra,2026-09-19,"[""Substatement audit pending"",""Assessment-family and whole-chapter review incomplete""]",2026-09-19
4PH1:issue4:1.15:forces-and-vectors,4PH1:issue4:1.15,forces-and-motion,forces-and-vectors,partial,"[""forces-and-vectors:example""]",[],"[{""documentId"":""4PH1-spec"",""pdfPages"":[18],""provenanceKind"":""source-fact"",""observation"":""Specification scope reviewed; explanation and examples are original teaching content.""}]",drafted,agent-source-checked,not-reviewed,Codex Astra,2026-09-09,"[""Substatement audit pending"",""Assessment-family and whole-chapter review incomplete""]",2026-09-09
4PH1:issue4:1.16:forces-and-vectors,4PH1:issue4:1.16,forces-and-motion,forces-and-vectors,partial,"[""forces-and-vectors:example""]",[],"[{""documentId"":""4PH1-spec"",""pdfPages"":[18],""provenanceKind"":""source-fact"",""observation"":""Specification scope reviewed; explanation and examples are original teaching content.""}]",drafted,agent-source-checked,not-reviewed,Codex Astra,2026-09-19,"[""Substatement audit pending"",""Assessment-family and whole-chapter review incomplete""]",2026-09-19
4PH1:issue4:1.16:identifying-force-effects,4PH1:issue4:1.16,forces-and-motion,identifying-force-effects,partial,"[""identifying-force-effects:example""]",[],"[{""documentId"":""4PH1-spec"",""pdfPages"":[18],""provenanceKind"":""source-fact"",""observation"":""Specification scope reviewed; explanation and examples are original teaching content.""}]",drafted,agent-source-checked,not-reviewed,Codex Astra,2026-09-19,"[""Substatement audit pending"",""Assessment-family and whole-chapter review incomplete""]",2026-09-19
4PH1:issue4:1.17:force-mass-weight,4PH1:issue4:1.17,forces-and-motion,force-mass-weight,partial,"[""force-mass-weight:example""]",[],"[{""documentId"":""4PH1-spec"",""pdfPages"":[18],""provenanceKind"":""source-fact"",""observation"":""Specification scope reviewed; explanation and examples are original teaching content.""}]",drafted,agent-source-checked,not-reviewed,Codex Astra,2026-09-19,"[""Substatement audit pending"",""Assessment-family and whole-chapter review incomplete""]",2026-09-19
4PH1:issue4:1.17:terminal-velocity,4PH1:issue4:1.17,forces-and-motion,terminal-velocity,partial,"[""terminal-velocity:example""]",[],"[{""documentId"":""4PH1-spec"",""pdfPages"":[18],""provenanceKind"":""source-fact"",""observation"":""Specification scope reviewed; explanation and examples are original teaching content.""}]",drafted,agent-source-checked,not-reviewed,Codex Astra,2026-09-19,"[""Substatement audit pending"",""Assessment-family and whole-chapter review incomplete""]",2026-09-19
4PH1:issue4:1.17:choosing-force-equations,4PH1:issue4:1.17,forces-and-motion,choosing-force-equations,partial,"[""choosing-force-equations:example""]",[],"[{""documentId"":""4PH1-spec"",""pdfPages"":[18],""provenanceKind"":""source-fact"",""observation"":""Specification scope reviewed; explanation and examples are original teaching content.""}]",drafted,agent-source-checked,not-reviewed,Codex Astra,2026-09-19,"[""Substatement audit pending"",""Assessment-family and whole-chapter review incomplete""]",2026-09-19
4PH1:issue4:1.18:force-mass-weight,4PH1:issue4:1.18,forces-and-motion,force-mass-weight,partial,"[""force-mass-weight:example""]",[],"[{""documentId"":""4PH1-spec"",""pdfPages"":[18],""provenanceKind"":""source-fact"",""observation"":""Specification scope reviewed; explanation and examples are original teaching content.""}]",drafted,agent-source-checked,not-reviewed,Codex Astra,2026-09-19,"[""Substatement audit pending"",""Assessment-family and whole-chapter review incomplete""]",2026-09-19
4PH1:issue4:1.18:choosing-force-equations,4PH1:issue4:1.18,forces-and-motion,choosing-force-equations,partial,"[""choosing-force-equations:example""]",[],"[{""documentId"":""4PH1-spec"",""pdfPages"":[18],""provenanceKind"":""source-fact"",""observation"":""Specification scope reviewed; explanation and examples are original teaching content.""}]",drafted,agent-source-checked,not-reviewed,Codex Astra,2026-09-19,"[""Substatement audit pending"",""Assessment-family and whole-chapter review incomplete""]",2026-09-19
4PH1:issue4:1.19:stopping-distances,4PH1:issue4:1.19,forces-and-motion,stopping-distances,partial,"[""stopping-distances:example""]",[],"[{""documentId"":""4PH1-spec"",""pdfPages"":[18],""provenanceKind"":""source-fact"",""observation"":""Specification scope reviewed; explanation and examples are original teaching content.""}]",drafted,agent-source-checked,not-reviewed,Codex Astra,2026-09-09,"[""Substatement audit pending"",""Assessment-family and whole-chapter review incomplete""]",2026-09-09
4PH1:issue4:1.20:stopping-distances,4PH1:issue4:1.20,forces-and-motion,stopping-distances,partial,"[""stopping-distances:example""]",[],"[{""documentId"":""4PH1-spec"",""pdfPages"":[18],""provenanceKind"":""source-fact"",""observation"":""Specification scope reviewed; explanation and examples are original teaching content.""}]",drafted,agent-source-checked,not-reviewed,Codex Astra,2026-09-09,"[""Substatement audit pending"",""Assessment-family and whole-chapter review incomplete""]",2026-09-09
4PH1:issue4:1.21:terminal-velocity,4PH1:issue4:1.21,forces-and-motion,terminal-velocity,partial,"[""terminal-velocity:example""]",[],"[{""documentId"":""4PH1-spec"",""pdfPages"":[18],""provenanceKind"":""source-fact"",""observation"":""Specification scope reviewed; explanation and examples are original teaching content.""}]",drafted,agent-source-checked,not-reviewed,Codex Astra,2026-09-09,"[""Substatement audit pending"",""Assessment-family and whole-chapter review incomplete""]",2026-09-09
4PH1:issue4:1.22:force-extension,4PH1:issue4:1.22,forces-and-motion,force-extension,partial,"[""force-extension:example""]",[],"[{""documentId"":""4PH1-spec"",""pdfPages"":[18],""provenanceKind"":""source-fact"",""observation"":""Specification scope reviewed; explanation and examples are original teaching content.""}]",drafted,agent-source-checked,not-reviewed,Codex Astra,2026-09-19,"[""Substatement audit pending"",""Assessment-family and whole-chapter review incomplete""]",2026-09-19
4PH1:issue4:1.23:force-extension,4PH1:issue4:1.23,forces-and-motion,force-extension,partial,"[""force-extension:example""]",[],"[{""documentId"":""4PH1-spec"",""pdfPages"":[18],""provenanceKind"":""source-fact"",""observation"":""Specification scope reviewed; explanation and examples are original teaching content.""}]",drafted,agent-source-checked,not-reviewed,Codex Astra,2026-09-19,"[""Substatement audit pending"",""Assessment-family and whole-chapter review incomplete""]",2026-09-19
4PH1:issue4:1.24:force-extension,4PH1:issue4:1.24,forces-and-motion,force-extension,partial,"[""force-extension:example""]",[],"[{""documentId"":""4PH1-spec"",""pdfPages"":[18],""provenanceKind"":""source-fact"",""observation"":""Specification scope reviewed; explanation and examples are original teaching content.""}]",drafted,agent-source-checked,not-reviewed,Codex Astra,2026-09-19,"[""Substatement audit pending"",""Assessment-family and whole-chapter review incomplete""]",2026-09-19
4PH1:issue4:1.25P:momentum-conservation,4PH1:issue4:1.25P,forces-and-motion,momentum-conservation,partial,"[""momentum-conservation:example""]",[],"[{""documentId"":""4PH1-spec"",""pdfPages"":[18],""provenanceKind"":""source-fact"",""observation"":""Specification scope reviewed; explanation and examples are original teaching content.""}]",drafted,agent-source-checked,not-reviewed,Codex Astra,2026-09-19,"[""Substatement audit pending"",""Assessment-family and whole-chapter review incomplete""]",2026-09-19
4PH1:issue4:1.25P:finding-mass-and-recoil,4PH1:issue4:1.25P,forces-and-motion,finding-mass-and-recoil,partial,"[""finding-mass-and-recoil:example""]",[],"[{""documentId"":""4PH1-spec"",""pdfPages"":[18],""provenanceKind"":""source-fact"",""observation"":""Specification scope reviewed; explanation and examples are original teaching content.""}]",drafted,agent-source-checked,not-reviewed,Codex Astra,2026-09-19,"[""Substatement audit pending"",""Assessment-family and whole-chapter review incomplete""]",2026-09-19
4PH1:issue4:1.26P:momentum-and-safety,4PH1:issue4:1.26P,forces-and-motion,momentum-and-safety,partial,"[""momentum-and-safety:example""]",[],"[{""documentId"":""4PH1-spec"",""pdfPages"":[18],""provenanceKind"":""source-fact"",""observation"":""Specification scope reviewed; explanation and examples are original teaching content.""}]",drafted,agent-source-checked,not-reviewed,Codex Astra,2026-09-09,"[""Substatement audit pending"",""Assessment-family and whole-chapter review incomplete""]",2026-09-09
4PH1:issue4:1.27P:momentum-conservation,4PH1:issue4:1.27P,forces-and-motion,momentum-conservation,partial,"[""momentum-conservation:example""]",[],"[{""documentId"":""4PH1-spec"",""pdfPages"":[18],""provenanceKind"":""source-fact"",""observation"":""Specification scope reviewed; explanation and examples are original teaching content.""}]",drafted,agent-source-checked,not-reviewed,Codex Astra,2026-09-19,"[""Substatement audit pending"",""Assessment-family and whole-chapter review incomplete""]",2026-09-19
4PH1:issue4:1.27P:finding-mass-and-recoil,4PH1:issue4:1.27P,forces-and-motion,finding-mass-and-recoil,partial,"[""finding-mass-and-recoil:example""]",[],"[{""documentId"":""4PH1-spec"",""pdfPages"":[18],""provenanceKind"":""source-fact"",""observation"":""Specification scope reviewed; explanation and examples are original teaching content.""}]",drafted,agent-source-checked,not-reviewed,Codex Astra,2026-09-19,"[""Substatement audit pending"",""Assessment-family and whole-chapter review incomplete""]",2026-09-19
4PH1:issue4:1.28P:momentum-and-safety,4PH1:issue4:1.28P,forces-and-motion,momentum-and-safety,partial,"[""momentum-and-safety:example""]",[],"[{""documentId"":""4PH1-spec"",""pdfPages"":[18],""provenanceKind"":""source-fact"",""observation"":""Specification scope reviewed; explanation and examples are original teaching content.""}]",drafted,agent-source-checked,not-reviewed,Codex Astra,2026-09-19,"[""Substatement audit pending"",""Assessment-family and whole-chapter review incomplete""]",2026-09-19
4PH1:issue4:1.28P:force-during-a-rebound,4PH1:issue4:1.28P,forces-and-motion,force-during-a-rebound,partial,"[""force-during-a-rebound:example""]",[],"[{""documentId"":""4PH1-spec"",""pdfPages"":[18],""provenanceKind"":""source-fact"",""observation"":""Specification scope reviewed; explanation and examples are original teaching content.""}]",drafted,agent-source-checked,not-reviewed,Codex Astra,2026-09-19,"[""Substatement audit pending"",""Assessment-family and whole-chapter review incomplete""]",2026-09-19
4PH1:issue4:1.29P:newtons-third-law,4PH1:issue4:1.29P,forces-and-motion,newtons-third-law,partial,"[""newtons-third-law:example""]",[],"[{""documentId"":""4PH1-spec"",""pdfPages"":[19],""provenanceKind"":""source-fact"",""observation"":""Specification scope reviewed; explanation and examples are original teaching content.""}]",drafted,agent-source-checked,not-reviewed,Codex Astra,2026-09-09,"[""Substatement audit pending"",""Assessment-family and whole-chapter review incomplete""]",2026-09-09
4PH1:issue4:1.30P:moments-and-equilibrium,4PH1:issue4:1.30P,forces-and-motion,moments-and-equilibrium,partial,"[""moments-and-equilibrium:example""]",[],"[{""documentId"":""4PH1-spec"",""pdfPages"":[19],""provenanceKind"":""source-fact"",""observation"":""Specification scope reviewed; explanation and examples are original teaching content.""}]",drafted,agent-source-checked,not-reviewed,Codex Astra,2026-09-19,"[""Substatement audit pending"",""Assessment-family and whole-chapter review incomplete""]",2026-09-19
4PH1:issue4:1.31P:moments-and-equilibrium,4PH1:issue4:1.31P,forces-and-motion,moments-and-equilibrium,partial,"[""moments-and-equilibrium:example""]",[],"[{""documentId"":""4PH1-spec"",""pdfPages"":[19],""provenanceKind"":""source-fact"",""observation"":""Specification scope reviewed; explanation and examples are original teaching content.""}]",drafted,agent-source-checked,not-reviewed,Codex Astra,2026-09-19,"[""Substatement audit pending"",""Assessment-family and whole-chapter review incomplete""]",2026-09-19
4PH1:issue4:1.31P:supported-beams,4PH1:issue4:1.31P,forces-and-motion,supported-beams,partial,"[""supported-beams:example""]",[],"[{""documentId"":""4PH1-spec"",""pdfPages"":[19],""provenanceKind"":""source-fact"",""observation"":""Specification scope reviewed; explanation and examples are original teaching content.""}]",drafted,agent-source-checked,not-reviewed,Codex Astra,2026-09-19,"[""Substatement audit pending"",""Assessment-family and whole-chapter review incomplete""]",2026-09-19
4PH1:issue4:1.32P:moments-and-equilibrium,4PH1:issue4:1.32P,forces-and-motion,moments-and-equilibrium,partial,"[""moments-and-equilibrium:example""]",[],"[{""documentId"":""4PH1-spec"",""pdfPages"":[19],""provenanceKind"":""source-fact"",""observation"":""Specification scope reviewed; explanation and examples are original teaching content.""}]",drafted,agent-source-checked,not-reviewed,Codex Astra,2026-09-19,"[""Substatement audit pending"",""Assessment-family and whole-chapter review incomplete""]",2026-09-19
4PH1:issue4:1.32P:supported-beams,4PH1:issue4:1.32P,forces-and-motion,supported-beams,partial,"[""supported-beams:example""]",[],"[{""documentId"":""4PH1-spec"",""pdfPages"":[19],""provenanceKind"":""source-fact"",""observation"":""Specification scope reviewed; explanation and examples are original teaching content.""}]",drafted,agent-source-checked,not-reviewed,Codex Astra,2026-09-19,"[""Substatement audit pending"",""Assessment-family and whole-chapter review incomplete""]",2026-09-19
4PH1:issue4:1.33P:supported-beams,4PH1:issue4:1.33P,forces-and-motion,supported-beams,partial,"[""supported-beams:example""]",[],"[{""documentId"":""4PH1-spec"",""pdfPages"":[19],""provenanceKind"":""source-fact"",""observation"":""Specification scope reviewed; explanation and examples are original teaching content.""}]",drafted,agent-source-checked,not-reviewed,Codex Astra,2026-09-09,"[""Substatement audit pending"",""Assessment-family and whole-chapter review incomplete""]",2026-09-09
4PH1:issue4:3.1:wave-quantities,4PH1:issue4:3.1,waves,wave-quantities,partial,"[""wave-quantities:example""]",[],"[{""documentId"":""4PH1-spec"",""pdfPages"":[22],""provenanceKind"":""source-fact"",""observation"":""Specification scope reviewed; explanation and examples are original teaching content.""}]",drafted,agent-source-checked,not-reviewed,Codex Astra,2026-09-19,"[""Substatement audit pending"",""Assessment-family and whole-chapter review incomplete""]",2026-09-19
4PH1:issue4:3.1:wave-equations,4PH1:issue4:3.1,waves,wave-equations,partial,"[""wave-equations:example""]",[],"[{""documentId"":""4PH1-spec"",""pdfPages"":[22],""provenanceKind"":""source-fact"",""observation"":""Specification scope reviewed; explanation and examples are original teaching content.""}]",drafted,agent-source-checked,not-reviewed,Codex Astra,2026-09-19,"[""Substatement audit pending"",""Assessment-family and whole-chapter review incomplete""]",2026-09-19
4PH1:issue4:3.1:reading-wave-records,4PH1:issue4:3.1,waves,reading-wave-records,partial,"[""reading-wave-records:example""]",[],"[{""documentId"":""4PH1-spec"",""pdfPages"":[22],""provenanceKind"":""source-fact"",""observation"":""Specification scope reviewed; explanation and examples are original teaching content.""}]",drafted,agent-source-checked,not-reviewed,Codex Astra,2026-09-19,"[""Substatement audit pending"",""Assessment-family and whole-chapter review incomplete""]",2026-09-19
4PH1:issue4:3.1:ray-reflection,4PH1:issue4:3.1,waves,ray-reflection,partial,"[""ray-reflection:example""]",[],"[{""documentId"":""4PH1-spec"",""pdfPages"":[22],""provenanceKind"":""source-fact"",""observation"":""Specification scope reviewed; explanation and examples are original teaching content.""}]",drafted,agent-source-checked,not-reviewed,Codex Astra,2026-09-19,"[""Substatement audit pending"",""Assessment-family and whole-chapter review incomplete""]",2026-09-19
4PH1:issue4:3.2:transverse-longitudinal,4PH1:issue4:3.2,waves,transverse-longitudinal,partial,"[""transverse-longitudinal:example""]",[],"[{""documentId"":""4PH1-spec"",""pdfPages"":[22],""provenanceKind"":""source-fact"",""observation"":""Specification scope reviewed; explanation and examples are original teaching content.""}]",drafted,agent-source-checked,not-reviewed,Codex Astra,2026-09-10,"[""Substatement audit pending"",""Assessment-family and whole-chapter review incomplete""]",2026-09-10
4PH1:issue4:3.3:wave-quantities,4PH1:issue4:3.3,waves,wave-quantities,partial,"[""wave-quantities:example""]",[],"[{""documentId"":""4PH1-spec"",""pdfPages"":[22],""provenanceKind"":""source-fact"",""observation"":""Specification scope reviewed; explanation and examples are original teaching content.""}]",drafted,agent-source-checked,not-reviewed,Codex Astra,2026-09-19,"[""Substatement audit pending"",""Assessment-family and whole-chapter review incomplete""]",2026-09-19
4PH1:issue4:3.3:reading-wave-records,4PH1:issue4:3.3,waves,reading-wave-records,partial,"[""reading-wave-records:example""]",[],"[{""documentId"":""4PH1-spec"",""pdfPages"":[22],""provenanceKind"":""source-fact"",""observation"":""Specification scope reviewed; explanation and examples are original teaching content.""}]",drafted,agent-source-checked,not-reviewed,Codex Astra,2026-09-19,"[""Substatement audit pending"",""Assessment-family and whole-chapter review incomplete""]",2026-09-19
4PH1:issue4:3.4:transverse-longitudinal,4PH1:issue4:3.4,waves,transverse-longitudinal,partial,"[""transverse-longitudinal:example""]",[],"[{""documentId"":""4PH1-spec"",""pdfPages"":[22],""provenanceKind"":""source-fact"",""observation"":""Specification scope reviewed; explanation and examples are original teaching content.""}]",drafted,agent-source-checked,not-reviewed,Codex Astra,2026-09-10,"[""Substatement audit pending"",""Assessment-family and whole-chapter review incomplete""]",2026-09-10
4PH1:issue4:3.5:wave-equations,4PH1:issue4:3.5,waves,wave-equations,partial,"[""wave-equations:example""]",[],"[{""documentId"":""4PH1-spec"",""pdfPages"":[22],""provenanceKind"":""source-fact"",""observation"":""Specification scope reviewed; explanation and examples are original teaching content.""}]",drafted,agent-source-checked,not-reviewed,Codex Astra,2026-09-19,"[""Substatement audit pending"",""Assessment-family and whole-chapter review incomplete""]",2026-09-19
4PH1:issue4:3.5:reading-wave-records,4PH1:issue4:3.5,waves,reading-wave-records,partial,"[""reading-wave-records:example""]",[],"[{""documentId"":""4PH1-spec"",""pdfPages"":[22],""provenanceKind"":""source-fact"",""observation"":""Specification scope reviewed; explanation and examples are original teaching content.""}]",drafted,agent-source-checked,not-reviewed,Codex Astra,2026-09-19,"[""Substatement audit pending"",""Assessment-family and whole-chapter review incomplete""]",2026-09-19
4PH1:issue4:3.6:wave-equations,4PH1:issue4:3.6,waves,wave-equations,partial,"[""wave-equations:example""]",[],"[{""documentId"":""4PH1-spec"",""pdfPages"":[22],""provenanceKind"":""source-fact"",""observation"":""Specification scope reviewed; explanation and examples are original teaching content.""}]",drafted,agent-source-checked,not-reviewed,Codex Astra,2026-09-19,"[""Substatement audit pending"",""Assessment-family and whole-chapter review incomplete""]",2026-09-19
4PH1:issue4:3.6:reading-wave-records,4PH1:issue4:3.6,waves,reading-wave-records,partial,"[""reading-wave-records:example""]",[],"[{""documentId"":""4PH1-spec"",""pdfPages"":[22],""provenanceKind"":""source-fact"",""observation"":""Specification scope reviewed; explanation and examples are original teaching content.""}]",drafted,agent-source-checked,not-reviewed,Codex Astra,2026-09-19,"[""Substatement audit pending"",""Assessment-family and whole-chapter review incomplete""]",2026-09-19
4PH1:issue4:3.7:wave-equations,4PH1:issue4:3.7,waves,wave-equations,partial,"[""wave-equations:example""]",[],"[{""documentId"":""4PH1-spec"",""pdfPages"":[22],""provenanceKind"":""source-fact"",""observation"":""Specification scope reviewed; explanation and examples are original teaching content.""}]",drafted,agent-source-checked,not-reviewed,Codex Astra,2026-09-19,"[""Substatement audit pending"",""Assessment-family and whole-chapter review incomplete""]",2026-09-19
4PH1:issue4:3.7:reading-wave-records,4PH1:issue4:3.7,waves,reading-wave-records,partial,"[""reading-wave-records:example""]",[],"[{""documentId"":""4PH1-spec"",""pdfPages"":[22],""provenanceKind"":""source-fact"",""observation"":""Specification scope reviewed; explanation and examples are original teaching content.""}]",drafted,agent-source-checked,not-reviewed,Codex Astra,2026-09-19,"[""Substatement audit pending"",""Assessment-family and whole-chapter review incomplete""]",2026-09-19
4PH1:issue4:3.8:doppler-effect,4PH1:issue4:3.8,waves,doppler-effect,partial,"[""doppler-effect:example""]",[],"[{""documentId"":""4PH1-spec"",""pdfPages"":[22],""provenanceKind"":""source-fact"",""observation"":""Specification scope reviewed; explanation and examples are original teaching content.""}]",drafted,agent-source-checked,not-reviewed,Codex Astra,2026-09-10,"[""Substatement audit pending"",""Assessment-family and whole-chapter review incomplete""]",2026-09-10
4PH1:issue4:3.9:reflection-refraction,4PH1:issue4:3.9,waves,reflection-refraction,partial,"[""reflection-refraction:example""]",[],"[{""documentId"":""4PH1-spec"",""pdfPages"":[22],""provenanceKind"":""source-fact"",""observation"":""Specification scope reviewed; explanation and examples are original teaching content.""}]",drafted,agent-source-checked,not-reviewed,Codex Astra,2026-09-19,"[""Substatement audit pending"",""Assessment-family and whole-chapter review incomplete""]",2026-09-19
4PH1:issue4:3.9:reading-wave-records,4PH1:issue4:3.9,waves,reading-wave-records,partial,"[""reading-wave-records:example""]",[],"[{""documentId"":""4PH1-spec"",""pdfPages"":[22],""provenanceKind"":""source-fact"",""observation"":""Specification scope reviewed; explanation and examples are original teaching content.""}]",drafted,agent-source-checked,not-reviewed,Codex Astra,2026-09-19,"[""Substatement audit pending"",""Assessment-family and whole-chapter review incomplete""]",2026-09-19
4PH1:issue4:3.10:electromagnetic-spectrum,4PH1:issue4:3.10,waves,electromagnetic-spectrum,partial,"[""electromagnetic-spectrum:example""]",[],"[{""documentId"":""4PH1-spec"",""pdfPages"":[23],""provenanceKind"":""source-fact"",""observation"":""Specification scope reviewed; explanation and examples are original teaching content.""}]",drafted,agent-source-checked,not-reviewed,Codex Astra,2026-09-10,"[""Substatement audit pending"",""Assessment-family and whole-chapter review incomplete""]",2026-09-10
4PH1:issue4:3.11:electromagnetic-spectrum,4PH1:issue4:3.11,waves,electromagnetic-spectrum,partial,"[""electromagnetic-spectrum:example""]",[],"[{""documentId"":""4PH1-spec"",""pdfPages"":[23],""provenanceKind"":""source-fact"",""observation"":""Specification scope reviewed; explanation and examples are original teaching content.""}]",drafted,agent-source-checked,not-reviewed,Codex Astra,2026-09-10,"[""Substatement audit pending"",""Assessment-family and whole-chapter review incomplete""]",2026-09-10
4PH1:issue4:3.12:electromagnetic-uses,4PH1:issue4:3.12,waves,electromagnetic-uses,partial,"[""electromagnetic-uses:example""]",[],"[{""documentId"":""4PH1-spec"",""pdfPages"":[23],""provenanceKind"":""source-fact"",""observation"":""Specification scope reviewed; explanation and examples are original teaching content.""}]",drafted,agent-source-checked,not-reviewed,Codex Astra,2026-09-19,"[""Substatement audit pending"",""Assessment-family and whole-chapter review incomplete""]",2026-09-19
4PH1:issue4:3.13:electromagnetic-hazards,4PH1:issue4:3.13,waves,electromagnetic-hazards,partial,"[""electromagnetic-hazards:example""]",[],"[{""documentId"":""4PH1-spec"",""pdfPages"":[23],""provenanceKind"":""source-fact"",""observation"":""Specification scope reviewed; explanation and examples are original teaching content.""}]",drafted,agent-source-checked,not-reviewed,Codex Astra,2026-09-10,"[""Substatement audit pending"",""Assessment-family and whole-chapter review incomplete""]",2026-09-10
4PH1:issue4:3.14:transverse-longitudinal,4PH1:issue4:3.14,waves,transverse-longitudinal,partial,"[""transverse-longitudinal:example""]",[],"[{""documentId"":""4PH1-spec"",""pdfPages"":[23],""provenanceKind"":""source-fact"",""observation"":""Specification scope reviewed; explanation and examples are original teaching content.""}]",drafted,agent-source-checked,not-reviewed,Codex Astra,2026-09-10,"[""Substatement audit pending"",""Assessment-family and whole-chapter review incomplete""]",2026-09-10
4PH1:issue4:3.14:reflection-refraction,4PH1:issue4:3.14,waves,reflection-refraction,partial,"[""reflection-refraction:example""]",[],"[{""documentId"":""4PH1-spec"",""pdfPages"":[23],""provenanceKind"":""source-fact"",""observation"":""Specification scope reviewed; explanation and examples are original teaching content.""}]",drafted,agent-source-checked,not-reviewed,Codex Astra,2026-09-10,"[""Substatement audit pending"",""Assessment-family and whole-chapter review incomplete""]",2026-09-10
4PH1:issue4:3.14:light-refraction,4PH1:issue4:3.14,waves,light-refraction,partial,"[""light-refraction:example""]",[],"[{""documentId"":""4PH1-spec"",""pdfPages"":[23],""provenanceKind"":""source-fact"",""observation"":""Specification scope reviewed; explanation and examples are original teaching content.""}]",drafted,agent-source-checked,not-reviewed,Codex Astra,2026-09-10,"[""Substatement audit pending"",""Assessment-family and whole-chapter review incomplete""]",2026-09-10
4PH1:issue4:3.15:ray-reflection,4PH1:issue4:3.15,waves,ray-reflection,partial,"[""ray-reflection:example""]",[],"[{""documentId"":""4PH1-spec"",""pdfPages"":[23],""provenanceKind"":""source-fact"",""observation"":""Specification scope reviewed; explanation and examples are original teaching content.""}]",drafted,agent-source-checked,not-reviewed,Codex Astra,2026-09-10,"[""Substatement audit pending"",""Assessment-family and whole-chapter review incomplete""]",2026-09-10
4PH1:issue4:3.16:ray-reflection,4PH1:issue4:3.16,waves,ray-reflection,partial,"[""ray-reflection:example""]",[],"[{""documentId"":""4PH1-spec"",""pdfPages"":[23],""provenanceKind"":""source-fact"",""observation"":""Specification scope reviewed; explanation and examples are original teaching content.""}]",drafted,agent-source-checked,not-reviewed,Codex Astra,2026-09-10,"[""Substatement audit pending"",""Assessment-family and whole-chapter review incomplete""]",2026-09-10
4PH1:issue4:3.16:light-refraction,4PH1:issue4:3.16,waves,light-refraction,partial,"[""light-refraction:example""]",[],"[{""documentId"":""4PH1-spec"",""pdfPages"":[23],""provenanceKind"":""source-fact"",""observation"":""Specification scope reviewed; explanation and examples are original teaching content.""}]",drafted,agent-source-checked,not-reviewed,Codex Astra,2026-09-10,"[""Substatement audit pending"",""Assessment-family and whole-chapter review incomplete""]",2026-09-10
4PH1:issue4:3.17:refraction-practical,4PH1:issue4:3.17,waves,refraction-practical,partial,"[""refraction-practical:example""]",[],"[{""documentId"":""4PH1-spec"",""pdfPages"":[23],""provenanceKind"":""source-fact"",""observation"":""Specification scope reviewed; explanation and examples are original teaching content.""}]",drafted,agent-source-checked,not-reviewed,Codex Astra,2026-09-19,"[""Substatement audit pending"",""Assessment-family and whole-chapter review incomplete""]",2026-09-19
4PH1:issue4:3.18:light-refraction,4PH1:issue4:3.18,waves,light-refraction,partial,"[""light-refraction:example""]",[],"[{""documentId"":""4PH1-spec"",""pdfPages"":[23],""provenanceKind"":""source-fact"",""observation"":""Specification scope reviewed; explanation and examples are original teaching content.""}]",drafted,agent-source-checked,not-reviewed,Codex Astra,2026-09-19,"[""Substatement audit pending"",""Assessment-family and whole-chapter review incomplete""]",2026-09-19
4PH1:issue4:3.18:refraction-practical,4PH1:issue4:3.18,waves,refraction-practical,partial,"[""refraction-practical:example""]",[],"[{""documentId"":""4PH1-spec"",""pdfPages"":[23],""provenanceKind"":""source-fact"",""observation"":""Specification scope reviewed; explanation and examples are original teaching content.""}]",drafted,agent-source-checked,not-reviewed,Codex Astra,2026-09-19,"[""Substatement audit pending"",""Assessment-family and whole-chapter review incomplete""]",2026-09-19
4PH1:issue4:3.19:refraction-practical,4PH1:issue4:3.19,waves,refraction-practical,partial,"[""refraction-practical:example""]",[],"[{""documentId"":""4PH1-spec"",""pdfPages"":[23],""provenanceKind"":""source-fact"",""observation"":""Specification scope reviewed; explanation and examples are original teaching content.""}]",drafted,agent-source-checked,not-reviewed,Codex Astra,2026-09-19,"[""Substatement audit pending"",""Assessment-family and whole-chapter review incomplete""]",2026-09-19
4PH1:issue4:3.20:critical-angle,4PH1:issue4:3.20,waves,critical-angle,partial,"[""critical-angle:example""]",[],"[{""documentId"":""4PH1-spec"",""pdfPages"":[23],""provenanceKind"":""source-fact"",""observation"":""Specification scope reviewed; explanation and examples are original teaching content.""}]",drafted,agent-source-checked,not-reviewed,Codex Astra,2026-09-10,"[""Substatement audit pending"",""Assessment-family and whole-chapter review incomplete""]",2026-09-10
4PH1:issue4:3.21:critical-angle,4PH1:issue4:3.21,waves,critical-angle,partial,"[""critical-angle:example""]",[],"[{""documentId"":""4PH1-spec"",""pdfPages"":[23],""provenanceKind"":""source-fact"",""observation"":""Specification scope reviewed; explanation and examples are original teaching content.""}]",drafted,agent-source-checked,not-reviewed,Codex Astra,2026-09-10,"[""Substatement audit pending"",""Assessment-family and whole-chapter review incomplete""]",2026-09-10
4PH1:issue4:3.22:critical-angle,4PH1:issue4:3.22,waves,critical-angle,partial,"[""critical-angle:example""]",[],"[{""documentId"":""4PH1-spec"",""pdfPages"":[24],""provenanceKind"":""source-fact"",""observation"":""Specification scope reviewed; explanation and examples are original teaching content.""}]",drafted,agent-source-checked,not-reviewed,Codex Astra,2026-09-10,"[""Substatement audit pending"",""Assessment-family and whole-chapter review incomplete""]",2026-09-10
4PH1:issue4:3.23:transverse-longitudinal,4PH1:issue4:3.23,waves,transverse-longitudinal,partial,"[""transverse-longitudinal:example""]",[],"[{""documentId"":""4PH1-spec"",""pdfPages"":[24],""provenanceKind"":""source-fact"",""observation"":""Specification scope reviewed; explanation and examples are original teaching content.""}]",drafted,agent-source-checked,not-reviewed,Codex Astra,2026-09-10,"[""Substatement audit pending"",""Assessment-family and whole-chapter review incomplete""]",2026-09-10
4PH1:issue4:3.23:reflection-refraction,4PH1:issue4:3.23,waves,reflection-refraction,partial,"[""reflection-refraction:example""]",[],"[{""documentId"":""4PH1-spec"",""pdfPages"":[24],""provenanceKind"":""source-fact"",""observation"":""Specification scope reviewed; explanation and examples are original teaching content.""}]",drafted,agent-source-checked,not-reviewed,Codex Astra,2026-09-10,"[""Substatement audit pending"",""Assessment-family and whole-chapter review incomplete""]",2026-09-10
4PH1:issue4:3.23:sound-and-echoes,4PH1:issue4:3.23,waves,sound-and-echoes,partial,"[""sound-and-echoes:example""]",[],"[{""documentId"":""4PH1-spec"",""pdfPages"":[24],""provenanceKind"":""source-fact"",""observation"":""Specification scope reviewed; explanation and examples are original teaching content.""}]",drafted,agent-source-checked,not-reviewed,Codex Astra,2026-09-10,"[""Substatement audit pending"",""Assessment-family and whole-chapter review incomplete""]",2026-09-10
4PH1:issue4:3.24P:sound-and-echoes,4PH1:issue4:3.24P,waves,sound-and-echoes,partial,"[""sound-and-echoes:example""]",[],"[{""documentId"":""4PH1-spec"",""pdfPages"":[24],""provenanceKind"":""source-fact"",""observation"":""Specification scope reviewed; explanation and examples are original teaching content.""}]",drafted,agent-source-checked,not-reviewed,Codex Astra,2026-09-10,"[""Substatement audit pending"",""Assessment-family and whole-chapter review incomplete""]",2026-09-10
4PH1:issue4:3.25P:sound-speed-practical,4PH1:issue4:3.25P,waves,sound-speed-practical,partial,"[""sound-speed-practical:example""]",[],"[{""documentId"":""4PH1-spec"",""pdfPages"":[24],""provenanceKind"":""source-fact"",""observation"":""Specification scope reviewed; explanation and examples are original teaching content.""}]",drafted,agent-source-checked,not-reviewed,Codex Astra,2026-09-10,"[""Substatement audit pending"",""Assessment-family and whole-chapter review incomplete""]",2026-09-10
4PH1:issue4:3.26P:oscilloscope-frequency,4PH1:issue4:3.26P,waves,oscilloscope-frequency,partial,"[""oscilloscope-frequency:example""]",[],"[{""documentId"":""4PH1-spec"",""pdfPages"":[24],""provenanceKind"":""source-fact"",""observation"":""Specification scope reviewed; explanation and examples are original teaching content.""}]",drafted,agent-source-checked,not-reviewed,Codex Astra,2026-09-10,"[""Substatement audit pending"",""Assessment-family and whole-chapter review incomplete""]",2026-09-10
4PH1:issue4:3.27P:oscilloscope-frequency,4PH1:issue4:3.27P,waves,oscilloscope-frequency,partial,"[""oscilloscope-frequency:example""]",[],"[{""documentId"":""4PH1-spec"",""pdfPages"":[24],""provenanceKind"":""source-fact"",""observation"":""Specification scope reviewed; explanation and examples are original teaching content.""}]",drafted,agent-source-checked,not-reviewed,Codex Astra,2026-09-10,"[""Substatement audit pending"",""Assessment-family and whole-chapter review incomplete""]",2026-09-10
4PH1:issue4:3.28P:pitch-and-loudness,4PH1:issue4:3.28P,waves,pitch-and-loudness,partial,"[""pitch-and-loudness:example""]",[],"[{""documentId"":""4PH1-spec"",""pdfPages"":[24],""provenanceKind"":""source-fact"",""observation"":""Specification scope reviewed; explanation and examples are original teaching content.""}]",drafted,agent-source-checked,not-reviewed,Codex Astra,2026-09-10,"[""Substatement audit pending"",""Assessment-family and whole-chapter review incomplete""]",2026-09-10
4PH1:issue4:3.29P:pitch-and-loudness,4PH1:issue4:3.29P,waves,pitch-and-loudness,partial,"[""pitch-and-loudness:example""]",[],"[{""documentId"":""4PH1-spec"",""pdfPages"":[24],""provenanceKind"":""source-fact"",""observation"":""Specification scope reviewed; explanation and examples are original teaching content.""}]",drafted,agent-source-checked,not-reviewed,Codex Astra,2026-09-10,"[""Substatement audit pending"",""Assessment-family and whole-chapter review incomplete""]",2026-09-10
4PH1:issue4:4.1:energy-units,4PH1:issue4:4.1,energy,energy-units,partial,"[""energy-units:example""]",[],"[{""documentId"":""4PH1-spec"",""pdfPages"":[25],""provenanceKind"":""source-fact"",""observation"":""Specification scope reviewed; explanation and examples are original teaching content.""}]",drafted,agent-source-checked,not-reviewed,Codex Astra,2026-09-11,"[""Substatement audit pending"",""Assessment-family and whole-chapter review incomplete""]",2026-09-11
4PH1:issue4:4.2:energy-stores-and-radiation,4PH1:issue4:4.2,energy,energy-stores-and-radiation,partial,"[""energy-stores-and-radiation:example""]",[],"[{""documentId"":""4PH1-spec"",""pdfPages"":[25],""provenanceKind"":""source-fact"",""observation"":""Specification scope reviewed; explanation and examples are original teaching content.""}]",drafted,agent-source-checked,not-reviewed,Codex Astra,2026-09-19,"[""Substatement audit pending"",""Assessment-family and whole-chapter review incomplete""]",2026-09-19
4PH1:issue4:4.2:tracking-energy-stores,4PH1:issue4:4.2,energy,tracking-energy-stores,partial,"[""tracking-energy-stores:example""]",[],"[{""documentId"":""4PH1-spec"",""pdfPages"":[25],""provenanceKind"":""source-fact"",""observation"":""Specification scope reviewed; explanation and examples are original teaching content.""}]",drafted,agent-source-checked,not-reviewed,Codex Astra,2026-09-19,"[""Substatement audit pending"",""Assessment-family and whole-chapter review incomplete""]",2026-09-19
4PH1:issue4:4.3:conservation-efficiency-sankey,4PH1:issue4:4.3,energy,conservation-efficiency-sankey,partial,"[""conservation-efficiency-sankey:example""]",[],"[{""documentId"":""4PH1-spec"",""pdfPages"":[25],""provenanceKind"":""source-fact"",""observation"":""Specification scope reviewed; explanation and examples are original teaching content.""}]",drafted,agent-source-checked,not-reviewed,Codex Astra,2026-09-19,"[""Substatement audit pending"",""Assessment-family and whole-chapter review incomplete""]",2026-09-19
4PH1:issue4:4.3:energy-balance-motion,4PH1:issue4:4.3,energy,energy-balance-motion,partial,"[""energy-balance-motion:example""]",[],"[{""documentId"":""4PH1-spec"",""pdfPages"":[25],""provenanceKind"":""source-fact"",""observation"":""Specification scope reviewed; explanation and examples are original teaching content.""}]",drafted,agent-source-checked,not-reviewed,Codex Astra,2026-09-19,"[""Substatement audit pending"",""Assessment-family and whole-chapter review incomplete""]",2026-09-19
4PH1:issue4:4.3:tracking-energy-stores,4PH1:issue4:4.3,energy,tracking-energy-stores,partial,"[""tracking-energy-stores:example""]",[],"[{""documentId"":""4PH1-spec"",""pdfPages"":[25],""provenanceKind"":""source-fact"",""observation"":""Specification scope reviewed; explanation and examples are original teaching content.""}]",drafted,agent-source-checked,not-reviewed,Codex Astra,2026-09-19,"[""Substatement audit pending"",""Assessment-family and whole-chapter review incomplete""]",2026-09-19
4PH1:issue4:4.4:conservation-efficiency-sankey,4PH1:issue4:4.4,energy,conservation-efficiency-sankey,partial,"[""conservation-efficiency-sankey:example""]",[],"[{""documentId"":""4PH1-spec"",""pdfPages"":[25],""provenanceKind"":""source-fact"",""observation"":""Specification scope reviewed; explanation and examples are original teaching content.""}]",drafted,agent-source-checked,not-reviewed,Codex Astra,2026-09-11,"[""Substatement audit pending"",""Assessment-family and whole-chapter review incomplete""]",2026-09-11
4PH1:issue4:4.5:conservation-efficiency-sankey,4PH1:issue4:4.5,energy,conservation-efficiency-sankey,partial,"[""conservation-efficiency-sankey:example""]",[],"[{""documentId"":""4PH1-spec"",""pdfPages"":[25],""provenanceKind"":""source-fact"",""observation"":""Specification scope reviewed; explanation and examples are original teaching content.""}]",drafted,agent-source-checked,not-reviewed,Codex Astra,2026-09-11,"[""Substatement audit pending"",""Assessment-family and whole-chapter review incomplete""]",2026-09-11
4PH1:issue4:4.6:energy-stores-and-radiation,4PH1:issue4:4.6,energy,energy-stores-and-radiation,partial,"[""energy-stores-and-radiation:example""]",[],"[{""documentId"":""4PH1-spec"",""pdfPages"":[25],""provenanceKind"":""source-fact"",""observation"":""Specification scope reviewed; explanation and examples are original teaching content.""}]",drafted,agent-source-checked,not-reviewed,Codex Astra,2026-09-19,"[""Substatement audit pending"",""Assessment-family and whole-chapter review incomplete""]",2026-09-19
4PH1:issue4:4.6:conduction-and-convection,4PH1:issue4:4.6,energy,conduction-and-convection,partial,"[""conduction-and-convection:example""]",[],"[{""documentId"":""4PH1-spec"",""pdfPages"":[25],""provenanceKind"":""source-fact"",""observation"":""Specification scope reviewed; explanation and examples are original teaching content.""}]",drafted,agent-source-checked,not-reviewed,Codex Astra,2026-09-19,"[""Substatement audit pending"",""Assessment-family and whole-chapter review incomplete""]",2026-09-19
4PH1:issue4:4.7:conduction-and-convection,4PH1:issue4:4.7,energy,conduction-and-convection,partial,"[""conduction-and-convection:example""]",[],"[{""documentId"":""4PH1-spec"",""pdfPages"":[25],""provenanceKind"":""source-fact"",""observation"":""Specification scope reviewed; explanation and examples are original teaching content.""}]",drafted,agent-source-checked,not-reviewed,Codex Astra,2026-09-19,"[""Substatement audit pending"",""Assessment-family and whole-chapter review incomplete""]",2026-09-19
4PH1:issue4:4.7:thermal-practical-convection,4PH1:issue4:4.7,energy,thermal-practical-convection,partial,[],[],"[{""documentId"":""4PH1-spec"",""pdfPages"":[25],""provenanceKind"":""source-fact"",""observation"":""Specification scope reviewed; explanation and examples are original teaching content.""}]",drafted,agent-source-checked,not-reviewed,Codex Astra,2026-09-19,"[""Substatement audit pending"",""Assessment-family and whole-chapter review incomplete""]",2026-09-19
4PH1:issue4:4.8:surface-absorption,4PH1:issue4:4.8,energy,surface-absorption,partial,"[""surface-absorption:example""]",[],"[{""documentId"":""4PH1-spec"",""pdfPages"":[25],""provenanceKind"":""source-fact"",""observation"":""Specification scope reviewed; explanation and examples are original teaching content.""}]",drafted,agent-source-checked,not-reviewed,Codex Astra,2026-09-19,"[""Substatement audit pending"",""Assessment-family and whole-chapter review incomplete""]",2026-09-19
4PH1:issue4:4.8:thermal-practical-radiation,4PH1:issue4:4.8,energy,thermal-practical-radiation,partial,[],[],"[{""documentId"":""4PH1-spec"",""pdfPages"":[25],""provenanceKind"":""source-fact"",""observation"":""Specification scope reviewed; explanation and examples are original teaching content.""}]",drafted,agent-source-checked,not-reviewed,Codex Astra,2026-09-19,"[""Substatement audit pending"",""Assessment-family and whole-chapter review incomplete""]",2026-09-19
4PH1:issue4:4.9:thermal-practical-conduction,4PH1:issue4:4.9,energy,thermal-practical-conduction,partial,[],[],"[{""documentId"":""4PH1-spec"",""pdfPages"":[25],""provenanceKind"":""source-fact"",""observation"":""Specification scope reviewed; explanation and examples are original teaching content.""}]",drafted,agent-source-checked,not-reviewed,Codex Astra,2026-09-11,"[""Substatement audit pending"",""Assessment-family and whole-chapter review incomplete""]",2026-09-11
4PH1:issue4:4.9:thermal-practical-convection,4PH1:issue4:4.9,energy,thermal-practical-convection,partial,[],[],"[{""documentId"":""4PH1-spec"",""pdfPages"":[25],""provenanceKind"":""source-fact"",""observation"":""Specification scope reviewed; explanation and examples are original teaching content.""}]",drafted,agent-source-checked,not-reviewed,Codex Astra,2026-09-11,"[""Substatement audit pending"",""Assessment-family and whole-chapter review incomplete""]",2026-09-11
4PH1:issue4:4.9:thermal-practical-radiation,4PH1:issue4:4.9,energy,thermal-practical-radiation,partial,[],[],"[{""documentId"":""4PH1-spec"",""pdfPages"":[25],""provenanceKind"":""source-fact"",""observation"":""Specification scope reviewed; explanation and examples are original teaching content.""}]",drafted,agent-source-checked,not-reviewed,Codex Astra,2026-09-11,"[""Substatement audit pending"",""Assessment-family and whole-chapter review incomplete""]",2026-09-11
4PH1:issue4:4.10:insulation,4PH1:issue4:4.10,energy,insulation,partial,"[""insulation:example""]",[],"[{""documentId"":""4PH1-spec"",""pdfPages"":[25],""provenanceKind"":""source-fact"",""observation"":""Specification scope reviewed; explanation and examples are original teaching content.""}]",drafted,agent-source-checked,not-reviewed,Codex Astra,2026-09-11,"[""Substatement audit pending"",""Assessment-family and whole-chapter review incomplete""]",2026-09-11
4PH1:issue4:4.11:work-and-energy,4PH1:issue4:4.11,energy,work-and-energy,partial,"[""work-and-energy:example""]",[],"[{""documentId"":""4PH1-spec"",""pdfPages"":[26],""provenanceKind"":""source-fact"",""observation"":""Specification scope reviewed; explanation and examples are original teaching content.""}]",drafted,agent-source-checked,not-reviewed,Codex Astra,2026-09-19,"[""Substatement audit pending"",""Assessment-family and whole-chapter review incomplete""]",2026-09-19
4PH1:issue4:4.11:energy-on-a-slope,4PH1:issue4:4.11,energy,energy-on-a-slope,partial,"[""energy-on-a-slope:example""]",[],"[{""documentId"":""4PH1-spec"",""pdfPages"":[26],""provenanceKind"":""source-fact"",""observation"":""Specification scope reviewed; explanation and examples are original teaching content.""}]",drafted,agent-source-checked,not-reviewed,Codex Astra,2026-09-19,"[""Substatement audit pending"",""Assessment-family and whole-chapter review incomplete""]",2026-09-19
4PH1:issue4:4.12:work-and-energy,4PH1:issue4:4.12,energy,work-and-energy,partial,"[""work-and-energy:example""]",[],"[{""documentId"":""4PH1-spec"",""pdfPages"":[26],""provenanceKind"":""source-fact"",""observation"":""Specification scope reviewed; explanation and examples are original teaching content.""}]",drafted,agent-source-checked,not-reviewed,Codex Astra,2026-09-19,"[""Substatement audit pending"",""Assessment-family and whole-chapter review incomplete""]",2026-09-19
4PH1:issue4:4.12:energy-on-a-slope,4PH1:issue4:4.12,energy,energy-on-a-slope,partial,"[""energy-on-a-slope:example""]",[],"[{""documentId"":""4PH1-spec"",""pdfPages"":[26],""provenanceKind"":""source-fact"",""observation"":""Specification scope reviewed; explanation and examples are original teaching content.""}]",drafted,agent-source-checked,not-reviewed,Codex Astra,2026-09-19,"[""Substatement audit pending"",""Assessment-family and whole-chapter review incomplete""]",2026-09-19
4PH1:issue4:4.13:kinetic-and-gravitational-energy,4PH1:issue4:4.13,energy,kinetic-and-gravitational-energy,partial,"[""kinetic-and-gravitational-energy:example""]",[],"[{""documentId"":""4PH1-spec"",""pdfPages"":[26],""provenanceKind"":""source-fact"",""observation"":""Specification scope reviewed; explanation and examples are original teaching content.""}]",drafted,agent-source-checked,not-reviewed,Codex Astra,2026-09-19,"[""Substatement audit pending"",""Assessment-family and whole-chapter review incomplete""]",2026-09-19
4PH1:issue4:4.13:energy-on-a-slope,4PH1:issue4:4.13,energy,energy-on-a-slope,partial,"[""energy-on-a-slope:example""]",[],"[{""documentId"":""4PH1-spec"",""pdfPages"":[26],""provenanceKind"":""source-fact"",""observation"":""Specification scope reviewed; explanation and examples are original teaching content.""}]",drafted,agent-source-checked,not-reviewed,Codex Astra,2026-09-19,"[""Substatement audit pending"",""Assessment-family and whole-chapter review incomplete""]",2026-09-19
4PH1:issue4:4.14:kinetic-and-gravitational-energy,4PH1:issue4:4.14,energy,kinetic-and-gravitational-energy,partial,"[""kinetic-and-gravitational-energy:example""]",[],"[{""documentId"":""4PH1-spec"",""pdfPages"":[26],""provenanceKind"":""source-fact"",""observation"":""Specification scope reviewed; explanation and examples are original teaching content.""}]",drafted,agent-source-checked,not-reviewed,Codex Astra,2026-09-11,"[""Substatement audit pending"",""Assessment-family and whole-chapter review incomplete""]",2026-09-11
4PH1:issue4:4.15:energy-balance-motion,4PH1:issue4:4.15,energy,energy-balance-motion,partial,"[""energy-balance-motion:example""]",[],"[{""documentId"":""4PH1-spec"",""pdfPages"":[26],""provenanceKind"":""source-fact"",""observation"":""Specification scope reviewed; explanation and examples are original teaching content.""}]",drafted,agent-source-checked,not-reviewed,Codex Astra,2026-09-19,"[""Substatement audit pending"",""Assessment-family and whole-chapter review incomplete""]",2026-09-19
4PH1:issue4:4.15:energy-on-a-slope,4PH1:issue4:4.15,energy,energy-on-a-slope,partial,"[""energy-on-a-slope:example""]",[],"[{""documentId"":""4PH1-spec"",""pdfPages"":[26],""provenanceKind"":""source-fact"",""observation"":""Specification scope reviewed; explanation and examples are original teaching content.""}]",drafted,agent-source-checked,not-reviewed,Codex Astra,2026-09-19,"[""Substatement audit pending"",""Assessment-family and whole-chapter review incomplete""]",2026-09-19
4PH1:issue4:4.16:power,4PH1:issue4:4.16,energy,power,partial,"[""power:example""]",[],"[{""documentId"":""4PH1-spec"",""pdfPages"":[26],""provenanceKind"":""source-fact"",""observation"":""Specification scope reviewed; explanation and examples are original teaching content.""}]",drafted,agent-source-checked,not-reviewed,Codex Astra,2026-09-11,"[""Substatement audit pending"",""Assessment-family and whole-chapter review incomplete""]",2026-09-11
4PH1:issue4:4.17:power,4PH1:issue4:4.17,energy,power,partial,"[""power:example""]",[],"[{""documentId"":""4PH1-spec"",""pdfPages"":[26],""provenanceKind"":""source-fact"",""observation"":""Specification scope reviewed; explanation and examples are original teaching content.""}]",drafted,agent-source-checked,not-reviewed,Codex Astra,2026-09-11,"[""Substatement audit pending"",""Assessment-family and whole-chapter review incomplete""]",2026-09-11
4PH1:issue4:4.18P:electricity-generation,4PH1:issue4:4.18P,energy,electricity-generation,partial,"[""electricity-generation:example""]",[],"[{""documentId"":""4PH1-spec"",""pdfPages"":[26],""provenanceKind"":""source-fact"",""observation"":""Specification scope reviewed; explanation and examples are original teaching content.""}]",drafted,agent-source-checked,not-reviewed,Codex Astra,2026-09-11,"[""Substatement audit pending"",""Assessment-family and whole-chapter review incomplete""]",2026-09-11
4PH1:issue4:4.19P:comparing-energy-resources,4PH1:issue4:4.19P,energy,comparing-energy-resources,partial,[],[],"[{""documentId"":""4PH1-spec"",""pdfPages"":[26],""provenanceKind"":""source-fact"",""observation"":""Specification scope reviewed; explanation and examples are original teaching content.""}]",drafted,agent-source-checked,not-reviewed,Codex Astra,2026-09-11,"[""Substatement audit pending"",""Assessment-family and whole-chapter review incomplete""]",2026-09-11
4PH1:issue4:5.1:matter-units,4PH1:issue4:5.1,matter,matter-units,partial,"[""matter-units:example""]",[],"[{""documentId"":""4PH1-spec"",""pdfPages"":[27],""provenanceKind"":""source-fact"",""observation"":""Specification scope reviewed; explanation and examples are original teaching content.""}]",drafted,agent-source-checked,not-reviewed,Codex Astra,2026-09-20,"[""Substatement audit pending"",""Assessment-family and whole-chapter review incomplete""]",2026-09-20
4PH1:issue4:5.1:density,4PH1:issue4:5.1,matter,density,partial,"[""density:example""]",[],"[{""documentId"":""4PH1-spec"",""pdfPages"":[27],""provenanceKind"":""source-fact"",""observation"":""Specification scope reviewed; explanation and examples are original teaching content.""}]",drafted,agent-source-checked,not-reviewed,Codex Astra,2026-09-20,"[""Substatement audit pending"",""Assessment-family and whole-chapter review incomplete""]",2026-09-20
4PH1:issue4:5.1:pressure-and-area,4PH1:issue4:5.1,matter,pressure-and-area,partial,"[""pressure-and-area:example""]",[],"[{""documentId"":""4PH1-spec"",""pdfPages"":[27],""provenanceKind"":""source-fact"",""observation"":""Specification scope reviewed; explanation and examples are original teaching content.""}]",drafted,agent-source-checked,not-reviewed,Codex Astra,2026-09-20,"[""Substatement audit pending"",""Assessment-family and whole-chapter review incomplete""]",2026-09-20
4PH1:issue4:5.2P:matter-units,4PH1:issue4:5.2P,matter,matter-units,partial,"[""matter-units:example""]",[],"[{""documentId"":""4PH1-spec"",""pdfPages"":[27],""provenanceKind"":""source-fact"",""observation"":""Specification scope reviewed; explanation and examples are original teaching content.""}]",drafted,agent-source-checked,not-reviewed,Codex Astra,2026-09-20,"[""Substatement audit pending"",""Assessment-family and whole-chapter review incomplete""]",2026-09-20
4PH1:issue4:5.2P:specific-heat-capacity,4PH1:issue4:5.2P,matter,specific-heat-capacity,partial,"[""specific-heat-capacity:example""]",[],"[{""documentId"":""4PH1-spec"",""pdfPages"":[27],""provenanceKind"":""source-fact"",""observation"":""Specification scope reviewed; explanation and examples are original teaching content.""}]",drafted,agent-source-checked,not-reviewed,Codex Astra,2026-09-20,"[""Substatement audit pending"",""Assessment-family and whole-chapter review incomplete""]",2026-09-20
4PH1:issue4:5.3:density,4PH1:issue4:5.3,matter,density,partial,"[""density:example""]",[],"[{""documentId"":""4PH1-spec"",""pdfPages"":[27],""provenanceKind"":""source-fact"",""observation"":""Specification scope reviewed; explanation and examples are original teaching content.""}]",drafted,agent-source-checked,not-reviewed,Codex Astra,2026-09-20,"[""Substatement audit pending"",""Assessment-family and whole-chapter review incomplete""]",2026-09-20
4PH1:issue4:5.4:density-practical,4PH1:issue4:5.4,matter,density-practical,partial,"[""density-practical:example""]",[],"[{""documentId"":""4PH1-spec"",""pdfPages"":[27],""provenanceKind"":""source-fact"",""observation"":""Specification scope reviewed; explanation and examples are original teaching content.""}]",drafted,agent-source-checked,not-reviewed,Codex Astra,2026-09-20,"[""Substatement audit pending"",""Assessment-family and whole-chapter review incomplete""]",2026-09-20
4PH1:issue4:5.5:pressure-and-area,4PH1:issue4:5.5,matter,pressure-and-area,partial,"[""pressure-and-area:example""]",[],"[{""documentId"":""4PH1-spec"",""pdfPages"":[27],""provenanceKind"":""source-fact"",""observation"":""Specification scope reviewed; explanation and examples are original teaching content.""}]",drafted,agent-source-checked,not-reviewed,Codex Astra,2026-09-20,"[""Substatement audit pending"",""Assessment-family and whole-chapter review incomplete""]",2026-09-20
4PH1:issue4:5.6:pressure-in-fluids,4PH1:issue4:5.6,matter,pressure-in-fluids,partial,"[""pressure-in-fluids:example""]",[],"[{""documentId"":""4PH1-spec"",""pdfPages"":[27],""provenanceKind"":""source-fact"",""observation"":""Specification scope reviewed; explanation and examples are original teaching content.""}]",drafted,agent-source-checked,not-reviewed,Codex Astra,2026-09-20,"[""Substatement audit pending"",""Assessment-family and whole-chapter review incomplete""]",2026-09-20
4PH1:issue4:5.7:pressure-in-fluids,4PH1:issue4:5.7,matter,pressure-in-fluids,partial,"[""pressure-in-fluids:example""]",[],"[{""documentId"":""4PH1-spec"",""pdfPages"":[27],""provenanceKind"":""source-fact"",""observation"":""Specification scope reviewed; explanation and examples are original teaching content.""}]",drafted,agent-source-checked,not-reviewed,Codex Astra,2026-09-20,"[""Substatement audit pending"",""Assessment-family and whole-chapter review incomplete""]",2026-09-20
4PH1:issue4:5.8P:heating-and-changing-state,4PH1:issue4:5.8P,matter,heating-and-changing-state,partial,"[""heating-and-changing-state:example""]",[],"[{""documentId"":""4PH1-spec"",""pdfPages"":[28],""provenanceKind"":""source-fact"",""observation"":""Specification scope reviewed; explanation and examples are original teaching content.""}]",drafted,agent-source-checked,not-reviewed,Codex Astra,2026-09-20,"[""Substatement audit pending"",""Assessment-family and whole-chapter review incomplete""]",2026-09-20
4PH1:issue4:5.9P:states-and-particles,4PH1:issue4:5.9P,matter,states-and-particles,partial,"[""states-and-particles:example""]",[],"[{""documentId"":""4PH1-spec"",""pdfPages"":[28],""provenanceKind"":""source-fact"",""observation"":""Specification scope reviewed; explanation and examples are original teaching content.""}]",drafted,agent-source-checked,not-reviewed,Codex Astra,2026-09-20,"[""Substatement audit pending"",""Assessment-family and whole-chapter review incomplete""]",2026-09-20
4PH1:issue4:5.10P:states-and-particles,4PH1:issue4:5.10P,matter,states-and-particles,partial,"[""states-and-particles:example""]",[],"[{""documentId"":""4PH1-spec"",""pdfPages"":[28],""provenanceKind"":""source-fact"",""observation"":""Specification scope reviewed; explanation and examples are original teaching content.""}]",drafted,agent-source-checked,not-reviewed,Codex Astra,2026-09-20,"[""Substatement audit pending"",""Assessment-family and whole-chapter review incomplete""]",2026-09-20
4PH1:issue4:5.11P:heating-and-changing-state,4PH1:issue4:5.11P,matter,heating-and-changing-state,partial,"[""heating-and-changing-state:example""]",[],"[{""documentId"":""4PH1-spec"",""pdfPages"":[28],""provenanceKind"":""source-fact"",""observation"":""Specification scope reviewed; explanation and examples are original teaching content.""}]",drafted,agent-source-checked,not-reviewed,Codex Astra,2026-09-20,"[""Substatement audit pending"",""Assessment-family and whole-chapter review incomplete""]",2026-09-20
4PH1:issue4:5.12P:specific-heat-capacity,4PH1:issue4:5.12P,matter,specific-heat-capacity,partial,"[""specific-heat-capacity:example""]",[],"[{""documentId"":""4PH1-spec"",""pdfPages"":[28],""provenanceKind"":""source-fact"",""observation"":""Specification scope reviewed; explanation and examples are original teaching content.""}]",drafted,agent-source-checked,not-reviewed,Codex Astra,2026-09-20,"[""Substatement audit pending"",""Assessment-family and whole-chapter review incomplete""]",2026-09-20
4PH1:issue4:5.13P:specific-heat-capacity,4PH1:issue4:5.13P,matter,specific-heat-capacity,partial,"[""specific-heat-capacity:example""]",[],"[{""documentId"":""4PH1-spec"",""pdfPages"":[28],""provenanceKind"":""source-fact"",""observation"":""Specification scope reviewed; explanation and examples are original teaching content.""}]",drafted,agent-source-checked,not-reviewed,Codex Astra,2026-09-20,"[""Substatement audit pending"",""Assessment-family and whole-chapter review incomplete""]",2026-09-20
4PH1:issue4:5.14P:heat-capacity-water-practical,4PH1:issue4:5.14P,matter,heat-capacity-water-practical,partial,"[""heat-capacity-water-practical:example""]",[],"[{""documentId"":""4PH1-spec"",""pdfPages"":[28],""provenanceKind"":""source-fact"",""observation"":""Specification scope reviewed; explanation and examples are original teaching content.""}]",drafted,agent-source-checked,not-reviewed,Codex Astra,2026-09-20,"[""Substatement audit pending"",""Assessment-family and whole-chapter review incomplete""]",2026-09-20
4PH1:issue4:5.14P:heat-capacity-solid-practical,4PH1:issue4:5.14P,matter,heat-capacity-solid-practical,partial,"[""heat-capacity-solid-practical:example""]",[],"[{""documentId"":""4PH1-spec"",""pdfPages"":[28],""provenanceKind"":""source-fact"",""observation"":""Specification scope reviewed; explanation and examples are original teaching content.""}]",drafted,agent-source-checked,not-reviewed,Codex Astra,2026-09-20,"[""Substatement audit pending"",""Assessment-family and whole-chapter review incomplete""]",2026-09-20
4PH1:issue4:5.15:gas-pressure-and-temperature,4PH1:issue4:5.15,matter,gas-pressure-and-temperature,partial,"[""gas-pressure-and-temperature:example""]",[],"[{""documentId"":""4PH1-spec"",""pdfPages"":[28],""provenanceKind"":""source-fact"",""observation"":""Specification scope reviewed; explanation and examples are original teaching content.""}]",drafted,agent-source-checked,not-reviewed,Codex Astra,2026-09-20,"[""Substatement audit pending"",""Assessment-family and whole-chapter review incomplete""]",2026-09-20
4PH1:issue4:5.16:gas-pressure-and-temperature,4PH1:issue4:5.16,matter,gas-pressure-and-temperature,partial,"[""gas-pressure-and-temperature:example""]",[],"[{""documentId"":""4PH1-spec"",""pdfPages"":[28],""provenanceKind"":""source-fact"",""observation"":""Specification scope reviewed; explanation and examples are original teaching content.""}]",drafted,agent-source-checked,not-reviewed,Codex Astra,2026-09-20,"[""Substatement audit pending"",""Assessment-family and whole-chapter review incomplete""]",2026-09-20
4PH1:issue4:5.17:gas-pressure-and-temperature,4PH1:issue4:5.17,matter,gas-pressure-and-temperature,partial,"[""gas-pressure-and-temperature:example""]",[],"[{""documentId"":""4PH1-spec"",""pdfPages"":[28],""provenanceKind"":""source-fact"",""observation"":""Specification scope reviewed; explanation and examples are original teaching content.""}]",drafted,agent-source-checked,not-reviewed,Codex Astra,2026-09-20,"[""Substatement audit pending"",""Assessment-family and whole-chapter review incomplete""]",2026-09-20
4PH1:issue4:5.18:gas-pressure-and-temperature,4PH1:issue4:5.18,matter,gas-pressure-and-temperature,partial,"[""gas-pressure-and-temperature:example""]",[],"[{""documentId"":""4PH1-spec"",""pdfPages"":[28],""provenanceKind"":""source-fact"",""observation"":""Specification scope reviewed; explanation and examples are original teaching content.""}]",drafted,agent-source-checked,not-reviewed,Codex Astra,2026-09-20,"[""Substatement audit pending"",""Assessment-family and whole-chapter review incomplete""]",2026-09-20
4PH1:issue4:5.19:gas-pressure-and-temperature,4PH1:issue4:5.19,matter,gas-pressure-and-temperature,partial,"[""gas-pressure-and-temperature:example""]",[],"[{""documentId"":""4PH1-spec"",""pdfPages"":[28],""provenanceKind"":""source-fact"",""observation"":""Specification scope reviewed; explanation and examples are original teaching content.""}]",drafted,agent-source-checked,not-reviewed,Codex Astra,2026-09-20,"[""Substatement audit pending"",""Assessment-family and whole-chapter review incomplete""]",2026-09-20
4PH1:issue4:5.20:gas-pressure-volume,4PH1:issue4:5.20,matter,gas-pressure-volume,partial,"[""gas-pressure-volume:example""]",[],"[{""documentId"":""4PH1-spec"",""pdfPages"":[28],""provenanceKind"":""source-fact"",""observation"":""Specification scope reviewed; explanation and examples are original teaching content.""}]",drafted,agent-source-checked,not-reviewed,Codex Astra,2026-09-20,"[""Substatement audit pending"",""Assessment-family and whole-chapter review incomplete""]",2026-09-20
4PH1:issue4:5.20:gas-pressure-kelvin,4PH1:issue4:5.20,matter,gas-pressure-kelvin,partial,"[""gas-pressure-kelvin:example""]",[],"[{""documentId"":""4PH1-spec"",""pdfPages"":[28],""provenanceKind"":""source-fact"",""observation"":""Specification scope reviewed; explanation and examples are original teaching content.""}]",drafted,agent-source-checked,not-reviewed,Codex Astra,2026-09-20,"[""Substatement audit pending"",""Assessment-family and whole-chapter review incomplete""]",2026-09-20
4PH1:issue4:5.21:gas-pressure-kelvin,4PH1:issue4:5.21,matter,gas-pressure-kelvin,partial,"[""gas-pressure-kelvin:example""]",[],"[{""documentId"":""4PH1-spec"",""pdfPages"":[28],""provenanceKind"":""source-fact"",""observation"":""Specification scope reviewed; explanation and examples are original teaching content.""}]",drafted,agent-source-checked,not-reviewed,Codex Astra,2026-09-20,"[""Substatement audit pending"",""Assessment-family and whole-chapter review incomplete""]",2026-09-20
4PH1:issue4:5.22:gas-pressure-volume,4PH1:issue4:5.22,matter,gas-pressure-volume,partial,"[""gas-pressure-volume:example""]",[],"[{""documentId"":""4PH1-spec"",""pdfPages"":[28],""provenanceKind"":""source-fact"",""observation"":""Specification scope reviewed; explanation and examples are original teaching content.""}]",drafted,agent-source-checked,not-reviewed,Codex Astra,2026-09-20,"[""Substatement audit pending"",""Assessment-family and whole-chapter review incomplete""]",2026-09-20
4PH1:issue4:6.1:transformer-power,4PH1:issue4:6.1,magnetism,transformer-power,partial,"[""transformer-power:example""]",[],"[{""documentId"":""4PH1-spec"",""pdfPages"":[29],""provenanceKind"":""source-fact"",""observation"":""Specification scope reviewed; explanation and examples are original teaching content.""}]",drafted,agent-source-checked,not-reviewed,Codex Astra,2026-09-20,"[""Substatement audit pending"",""Assessment-family and whole-chapter review incomplete""]",2026-09-20
4PH1:issue4:6.2:magnetic-materials,4PH1:issue4:6.2,magnetism,magnetic-materials,partial,"[""magnetic-materials:example""]",[],"[{""documentId"":""4PH1-spec"",""pdfPages"":[29],""provenanceKind"":""source-fact"",""observation"":""Specification scope reviewed; explanation and examples are original teaching content.""}]",drafted,agent-source-checked,not-reviewed,Codex Astra,2026-09-20,"[""Substatement audit pending"",""Assessment-family and whole-chapter review incomplete""]",2026-09-20
4PH1:issue4:6.3:magnetic-materials,4PH1:issue4:6.3,magnetism,magnetic-materials,partial,"[""magnetic-materials:example""]",[],"[{""documentId"":""4PH1-spec"",""pdfPages"":[29],""provenanceKind"":""source-fact"",""observation"":""Specification scope reviewed; explanation and examples are original teaching content.""}]",drafted,agent-source-checked,not-reviewed,Codex Astra,2026-09-20,"[""Substatement audit pending"",""Assessment-family and whole-chapter review incomplete""]",2026-09-20
4PH1:issue4:6.4:magnetic-fields,4PH1:issue4:6.4,magnetism,magnetic-fields,partial,"[""magnetic-fields:example""]",[],"[{""documentId"":""4PH1-spec"",""pdfPages"":[29],""provenanceKind"":""source-fact"",""observation"":""Specification scope reviewed; explanation and examples are original teaching content.""}]",drafted,agent-source-checked,not-reviewed,Codex Astra,2026-09-20,"[""Substatement audit pending"",""Assessment-family and whole-chapter review incomplete""]",2026-09-20
4PH1:issue4:6.5:magnetic-materials,4PH1:issue4:6.5,magnetism,magnetic-materials,partial,"[""magnetic-materials:example""]",[],"[{""documentId"":""4PH1-spec"",""pdfPages"":[29],""provenanceKind"":""source-fact"",""observation"":""Specification scope reviewed; explanation and examples are original teaching content.""}]",drafted,agent-source-checked,not-reviewed,Codex Astra,2026-09-20,"[""Substatement audit pending"",""Assessment-family and whole-chapter review incomplete""]",2026-09-20
4PH1:issue4:6.6:mapping-magnetic-fields,4PH1:issue4:6.6,magnetism,mapping-magnetic-fields,partial,"[""mapping-magnetic-fields:example""]",[],"[{""documentId"":""4PH1-spec"",""pdfPages"":[29],""provenanceKind"":""source-fact"",""observation"":""Specification scope reviewed; explanation and examples are original teaching content.""}]",drafted,agent-source-checked,not-reviewed,Codex Astra,2026-09-20,"[""Substatement audit pending"",""Assessment-family and whole-chapter review incomplete""]",2026-09-20
4PH1:issue4:6.7:uniform-magnetic-field,4PH1:issue4:6.7,magnetism,uniform-magnetic-field,partial,"[""uniform-magnetic-field:example""]",[],"[{""documentId"":""4PH1-spec"",""pdfPages"":[29],""provenanceKind"":""source-fact"",""observation"":""Specification scope reviewed; explanation and examples are original teaching content.""}]",drafted,agent-source-checked,not-reviewed,Codex Astra,2026-09-20,"[""Substatement audit pending"",""Assessment-family and whole-chapter review incomplete""]",2026-09-20
4PH1:issue4:6.8:current-and-electromagnets,4PH1:issue4:6.8,magnetism,current-and-electromagnets,partial,"[""current-and-electromagnets:example""]",[],"[{""documentId"":""4PH1-spec"",""pdfPages"":[29],""provenanceKind"":""source-fact"",""observation"":""Specification scope reviewed; explanation and examples are original teaching content.""}]",drafted,agent-source-checked,not-reviewed,Codex Astra,2026-09-20,"[""Substatement audit pending"",""Assessment-family and whole-chapter review incomplete""]",2026-09-20
4PH1:issue4:6.9P:current-and-electromagnets,4PH1:issue4:6.9P,magnetism,current-and-electromagnets,partial,"[""current-and-electromagnets:example""]",[],"[{""documentId"":""4PH1-spec"",""pdfPages"":[29],""provenanceKind"":""source-fact"",""observation"":""Specification scope reviewed; explanation and examples are original teaching content.""}]",drafted,agent-source-checked,not-reviewed,Codex Astra,2026-09-20,"[""Substatement audit pending"",""Assessment-family and whole-chapter review incomplete""]",2026-09-20
4PH1:issue4:6.10P:current-field-patterns,4PH1:issue4:6.10P,magnetism,current-field-patterns,partial,"[""current-field-patterns:example""]",[],"[{""documentId"":""4PH1-spec"",""pdfPages"":[29],""provenanceKind"":""source-fact"",""observation"":""Specification scope reviewed; explanation and examples are original teaching content.""}]",drafted,agent-source-checked,not-reviewed,Codex Astra,2026-09-20,"[""Substatement audit pending"",""Assessment-family and whole-chapter review incomplete""]",2026-09-20
4PH1:issue4:6.11P:charged-particles-in-fields,4PH1:issue4:6.11P,magnetism,charged-particles-in-fields,partial,"[""charged-particles-in-fields:example""]",[],"[{""documentId"":""4PH1-spec"",""pdfPages"":[29],""provenanceKind"":""source-fact"",""observation"":""Specification scope reviewed; explanation and examples are original teaching content.""}]",drafted,agent-source-checked,not-reviewed,Codex Astra,2026-09-20,"[""Substatement audit pending"",""Assessment-family and whole-chapter review incomplete""]",2026-09-20
4PH1:issue4:6.12:motor-effect-direction,4PH1:issue4:6.12,magnetism,motor-effect-direction,partial,"[""motor-effect-direction:example""]",[],"[{""documentId"":""4PH1-spec"",""pdfPages"":[29],""provenanceKind"":""source-fact"",""observation"":""Specification scope reviewed; explanation and examples are original teaching content.""}]",drafted,agent-source-checked,not-reviewed,Codex Astra,2026-09-20,"[""Substatement audit pending"",""Assessment-family and whole-chapter review incomplete""]",2026-09-20
4PH1:issue4:6.12:motors-and-loudspeakers,4PH1:issue4:6.12,magnetism,motors-and-loudspeakers,partial,"[""motors-and-loudspeakers:example""]",[],"[{""documentId"":""4PH1-spec"",""pdfPages"":[29],""provenanceKind"":""source-fact"",""observation"":""Specification scope reviewed; explanation and examples are original teaching content.""}]",drafted,agent-source-checked,not-reviewed,Codex Astra,2026-09-20,"[""Substatement audit pending"",""Assessment-family and whole-chapter review incomplete""]",2026-09-20
4PH1:issue4:6.13:motor-effect-direction,4PH1:issue4:6.13,magnetism,motor-effect-direction,partial,"[""motor-effect-direction:example""]",[],"[{""documentId"":""4PH1-spec"",""pdfPages"":[29],""provenanceKind"":""source-fact"",""observation"":""Specification scope reviewed; explanation and examples are original teaching content.""}]",drafted,agent-source-checked,not-reviewed,Codex Astra,2026-09-20,"[""Substatement audit pending"",""Assessment-family and whole-chapter review incomplete""]",2026-09-20
4PH1:issue4:6.14:motor-effect-direction,4PH1:issue4:6.14,magnetism,motor-effect-direction,partial,"[""motor-effect-direction:example""]",[],"[{""documentId"":""4PH1-spec"",""pdfPages"":[29],""provenanceKind"":""source-fact"",""observation"":""Specification scope reviewed; explanation and examples are original teaching content.""}]",drafted,agent-source-checked,not-reviewed,Codex Astra,2026-09-20,"[""Substatement audit pending"",""Assessment-family and whole-chapter review incomplete""]",2026-09-20
4PH1:issue4:6.15:electromagnetic-induction,4PH1:issue4:6.15,magnetism,electromagnetic-induction,partial,"[""electromagnetic-induction:example""]",[],"[{""documentId"":""4PH1-spec"",""pdfPages"":[30],""provenanceKind"":""source-fact"",""observation"":""Specification scope reviewed; explanation and examples are original teaching content.""}]",drafted,agent-source-checked,not-reviewed,Codex Astra,2026-09-20,"[""Substatement audit pending"",""Assessment-family and whole-chapter review incomplete""]",2026-09-20
4PH1:issue4:6.16:generating-electricity,4PH1:issue4:6.16,magnetism,generating-electricity,partial,"[""generating-electricity:example""]",[],"[{""documentId"":""4PH1-spec"",""pdfPages"":[30],""provenanceKind"":""source-fact"",""observation"":""Specification scope reviewed; explanation and examples are original teaching content.""}]",drafted,agent-source-checked,not-reviewed,Codex Astra,2026-09-20,"[""Substatement audit pending"",""Assessment-family and whole-chapter review incomplete""]",2026-09-20
4PH1:issue4:6.17P:transformer-structure,4PH1:issue4:6.17P,magnetism,transformer-structure,partial,"[""transformer-structure:example""]",[],"[{""documentId"":""4PH1-spec"",""pdfPages"":[30],""provenanceKind"":""source-fact"",""observation"":""Specification scope reviewed; explanation and examples are original teaching content.""}]",drafted,agent-source-checked,not-reviewed,Codex Astra,2026-09-20,"[""Substatement audit pending"",""Assessment-family and whole-chapter review incomplete""]",2026-09-20
4PH1:issue4:6.18P:transmitting-electricity,4PH1:issue4:6.18P,magnetism,transmitting-electricity,partial,"[""transmitting-electricity:example""]",[],"[{""documentId"":""4PH1-spec"",""pdfPages"":[30],""provenanceKind"":""source-fact"",""observation"":""Specification scope reviewed; explanation and examples are original teaching content.""}]",drafted,agent-source-checked,not-reviewed,Codex Astra,2026-09-20,"[""Substatement audit pending"",""Assessment-family and whole-chapter review incomplete""]",2026-09-20
4PH1:issue4:6.19P:transformer-structure,4PH1:issue4:6.19P,magnetism,transformer-structure,partial,"[""transformer-structure:example""]",[],"[{""documentId"":""4PH1-spec"",""pdfPages"":[30],""provenanceKind"":""source-fact"",""observation"":""Specification scope reviewed; explanation and examples are original teaching content.""}]",drafted,agent-source-checked,not-reviewed,Codex Astra,2026-09-20,"[""Substatement audit pending"",""Assessment-family and whole-chapter review incomplete""]",2026-09-20
4PH1:issue4:6.20P:transformer-power,4PH1:issue4:6.20P,magnetism,transformer-power,partial,"[""transformer-power:example""]",[],"[{""documentId"":""4PH1-spec"",""pdfPages"":[30],""provenanceKind"":""source-fact"",""observation"":""Specification scope reviewed; explanation and examples are original teaching content.""}]",drafted,agent-source-checked,not-reviewed,Codex Astra,2026-09-20,"[""Substatement audit pending"",""Assessment-family and whole-chapter review incomplete""]",2026-09-20
4PH1:issue4:7.1:detecting-background-radiation,4PH1:issue4:7.1,radioactivity,detecting-background-radiation,partial,"[""detecting-background-radiation:example""]",[],"[{""documentId"":""4PH1-spec"",""pdfPages"":[31],""provenanceKind"":""source-fact"",""observation"":""Specification scope reviewed; explanation and examples are original teaching content.""}]",drafted,agent-source-checked,not-reviewed,Codex Astra,2026-09-20,"[""Substatement audit pending"",""Assessment-family and whole-chapter review incomplete""]",2026-09-20
4PH1:issue4:7.1:activity-and-decay,4PH1:issue4:7.1,radioactivity,activity-and-decay,partial,"[""activity-and-decay:example""]",[],"[{""documentId"":""4PH1-spec"",""pdfPages"":[31],""provenanceKind"":""source-fact"",""observation"":""Specification scope reviewed; explanation and examples are original teaching content.""}]",drafted,agent-source-checked,not-reviewed,Codex Astra,2026-09-20,"[""Substatement audit pending"",""Assessment-family and whole-chapter review incomplete""]",2026-09-20
4PH1:issue4:7.1:half-life-calculations,4PH1:issue4:7.1,radioactivity,half-life-calculations,partial,"[""half-life-calculations:example""]",[],"[{""documentId"":""4PH1-spec"",""pdfPages"":[31],""provenanceKind"":""source-fact"",""observation"":""Specification scope reviewed; explanation and examples are original teaching content.""}]",drafted,agent-source-checked,not-reviewed,Codex Astra,2026-09-20,"[""Substatement audit pending"",""Assessment-family and whole-chapter review incomplete""]",2026-09-20
4PH1:issue4:7.2:atoms-and-isotopes,4PH1:issue4:7.2,radioactivity,atoms-and-isotopes,partial,"[""atoms-and-isotopes:example""]",[],"[{""documentId"":""4PH1-spec"",""pdfPages"":[31],""provenanceKind"":""source-fact"",""observation"":""Specification scope reviewed; explanation and examples are original teaching content.""}]",drafted,agent-source-checked,not-reviewed,Codex Astra,2026-09-20,"[""Substatement audit pending"",""Assessment-family and whole-chapter review incomplete""]",2026-09-20
4PH1:issue4:7.3:atoms-and-isotopes,4PH1:issue4:7.3,radioactivity,atoms-and-isotopes,partial,"[""atoms-and-isotopes:example""]",[],"[{""documentId"":""4PH1-spec"",""pdfPages"":[31],""provenanceKind"":""source-fact"",""observation"":""Specification scope reviewed; explanation and examples are original teaching content.""}]",drafted,agent-source-checked,not-reviewed,Codex Astra,2026-09-20,"[""Substatement audit pending"",""Assessment-family and whole-chapter review incomplete""]",2026-09-20
4PH1:issue4:7.4:types-of-nuclear-radiation,4PH1:issue4:7.4,radioactivity,types-of-nuclear-radiation,partial,"[""types-of-nuclear-radiation:example""]",[],"[{""documentId"":""4PH1-spec"",""pdfPages"":[31],""provenanceKind"":""source-fact"",""observation"":""Specification scope reviewed; explanation and examples are original teaching content.""}]",drafted,agent-source-checked,not-reviewed,Codex Astra,2026-09-20,"[""Substatement audit pending"",""Assessment-family and whole-chapter review incomplete""]",2026-09-20
4PH1:issue4:7.5:types-of-nuclear-radiation,4PH1:issue4:7.5,radioactivity,types-of-nuclear-radiation,partial,"[""types-of-nuclear-radiation:example""]",[],"[{""documentId"":""4PH1-spec"",""pdfPages"":[31],""provenanceKind"":""source-fact"",""observation"":""Specification scope reviewed; explanation and examples are original teaching content.""}]",drafted,agent-source-checked,not-reviewed,Codex Astra,2026-09-20,"[""Substatement audit pending"",""Assessment-family and whole-chapter review incomplete""]",2026-09-20
4PH1:issue4:7.6:radiation-penetration-practical,4PH1:issue4:7.6,radioactivity,radiation-penetration-practical,partial,"[""radiation-penetration-practical:example""]",[],"[{""documentId"":""4PH1-spec"",""pdfPages"":[31],""provenanceKind"":""source-fact"",""observation"":""Specification scope reviewed; explanation and examples are original teaching content.""}]",drafted,agent-source-checked,not-reviewed,Codex Astra,2026-09-20,"[""Substatement audit pending"",""Assessment-family and whole-chapter review incomplete""]",2026-09-20
4PH1:issue4:7.7:balancing-nuclear-equations,4PH1:issue4:7.7,radioactivity,balancing-nuclear-equations,partial,"[""balancing-nuclear-equations:example""]",[],"[{""documentId"":""4PH1-spec"",""pdfPages"":[31],""provenanceKind"":""source-fact"",""observation"":""Specification scope reviewed; explanation and examples are original teaching content.""}]",drafted,agent-source-checked,not-reviewed,Codex Astra,2026-09-20,"[""Substatement audit pending"",""Assessment-family and whole-chapter review incomplete""]",2026-09-20
4PH1:issue4:7.8:balancing-nuclear-equations,4PH1:issue4:7.8,radioactivity,balancing-nuclear-equations,partial,"[""balancing-nuclear-equations:example""]",[],"[{""documentId"":""4PH1-spec"",""pdfPages"":[31],""provenanceKind"":""source-fact"",""observation"":""Specification scope reviewed; explanation and examples are original teaching content.""}]",drafted,agent-source-checked,not-reviewed,Codex Astra,2026-09-20,"[""Substatement audit pending"",""Assessment-family and whole-chapter review incomplete""]",2026-09-20
4PH1:issue4:7.9:detecting-background-radiation,4PH1:issue4:7.9,radioactivity,detecting-background-radiation,partial,"[""detecting-background-radiation:example""]",[],"[{""documentId"":""4PH1-spec"",""pdfPages"":[31],""provenanceKind"":""source-fact"",""observation"":""Specification scope reviewed; explanation and examples are original teaching content.""}]",drafted,agent-source-checked,not-reviewed,Codex Astra,2026-09-20,"[""Substatement audit pending"",""Assessment-family and whole-chapter review incomplete""]",2026-09-20
4PH1:issue4:7.10:detecting-background-radiation,4PH1:issue4:7.10,radioactivity,detecting-background-radiation,partial,"[""detecting-background-radiation:example""]",[],"[{""documentId"":""4PH1-spec"",""pdfPages"":[31],""provenanceKind"":""source-fact"",""observation"":""Specification scope reviewed; explanation and examples are original teaching content.""}]",drafted,agent-source-checked,not-reviewed,Codex Astra,2026-09-20,"[""Substatement audit pending"",""Assessment-family and whole-chapter review incomplete""]",2026-09-20
4PH1:issue4:7.11:activity-and-decay,4PH1:issue4:7.11,radioactivity,activity-and-decay,partial,"[""activity-and-decay:example""]",[],"[{""documentId"":""4PH1-spec"",""pdfPages"":[31],""provenanceKind"":""source-fact"",""observation"":""Specification scope reviewed; explanation and examples are original teaching content.""}]",drafted,agent-source-checked,not-reviewed,Codex Astra,2026-09-20,"[""Substatement audit pending"",""Assessment-family and whole-chapter review incomplete""]",2026-09-20
4PH1:issue4:7.12:half-life-calculations,4PH1:issue4:7.12,radioactivity,half-life-calculations,partial,"[""half-life-calculations:example""]",[],"[{""documentId"":""4PH1-spec"",""pdfPages"":[31],""provenanceKind"":""source-fact"",""observation"":""Specification scope reviewed; explanation and examples are original teaching content.""}]",drafted,agent-source-checked,not-reviewed,Codex Astra,2026-09-20,"[""Substatement audit pending"",""Assessment-family and whole-chapter review incomplete""]",2026-09-20
4PH1:issue4:7.13:half-life-calculations,4PH1:issue4:7.13,radioactivity,half-life-calculations,partial,"[""half-life-calculations:example""]",[],"[{""documentId"":""4PH1-spec"",""pdfPages"":[31],""provenanceKind"":""source-fact"",""observation"":""Specification scope reviewed; explanation and examples are original teaching content.""}]",drafted,agent-source-checked,not-reviewed,Codex Astra,2026-09-20,"[""Substatement audit pending"",""Assessment-family and whole-chapter review incomplete""]",2026-09-20
4PH1:issue4:7.13:half-life-from-graphs,4PH1:issue4:7.13,radioactivity,half-life-from-graphs,partial,"[""half-life-from-graphs:example""]",[],"[{""documentId"":""4PH1-spec"",""pdfPages"":[31],""provenanceKind"":""source-fact"",""observation"":""Specification scope reviewed; explanation and examples are original teaching content.""}]",drafted,agent-source-checked,not-reviewed,Codex Astra,2026-09-20,"[""Substatement audit pending"",""Assessment-family and whole-chapter review incomplete""]",2026-09-20
4PH1:issue4:7.14:uses-of-radioactivity,4PH1:issue4:7.14,radioactivity,uses-of-radioactivity,partial,"[""uses-of-radioactivity:example""]",[],"[{""documentId"":""4PH1-spec"",""pdfPages"":[31],""provenanceKind"":""source-fact"",""observation"":""Specification scope reviewed; explanation and examples are original teaching content.""}]",drafted,agent-source-checked,not-reviewed,Codex Astra,2026-09-20,"[""Substatement audit pending"",""Assessment-family and whole-chapter review incomplete""]",2026-09-20
4PH1:issue4:7.15:contamination-and-irradiation,4PH1:issue4:7.15,radioactivity,contamination-and-irradiation,partial,"[""contamination-and-irradiation:example""]",[],"[{""documentId"":""4PH1-spec"",""pdfPages"":[31],""provenanceKind"":""source-fact"",""observation"":""Specification scope reviewed; explanation and examples are original teaching content.""}]",drafted,agent-source-checked,not-reviewed,Codex Astra,2026-09-20,"[""Substatement audit pending"",""Assessment-family and whole-chapter review incomplete""]",2026-09-20
4PH1:issue4:7.16:radiation-risks-and-waste,4PH1:issue4:7.16,radioactivity,radiation-risks-and-waste,partial,"[""radiation-risks-and-waste:example""]",[],"[{""documentId"":""4PH1-spec"",""pdfPages"":[32],""provenanceKind"":""source-fact"",""observation"":""Specification scope reviewed; explanation and examples are original teaching content.""}]",drafted,agent-source-checked,not-reviewed,Codex Astra,2026-09-20,"[""Substatement audit pending"",""Assessment-family and whole-chapter review incomplete""]",2026-09-20
4PH1:issue4:7.17:fission-and-chain-reactions,4PH1:issue4:7.17,radioactivity,fission-and-chain-reactions,partial,"[""fission-and-chain-reactions:example""]",[],"[{""documentId"":""4PH1-spec"",""pdfPages"":[32],""provenanceKind"":""source-fact"",""observation"":""Specification scope reviewed; explanation and examples are original teaching content.""}]",drafted,agent-source-checked,not-reviewed,Codex Astra,2026-09-20,"[""Substatement audit pending"",""Assessment-family and whole-chapter review incomplete""]",2026-09-20
4PH1:issue4:7.17:fusion-in-stars,4PH1:issue4:7.17,radioactivity,fusion-in-stars,partial,"[""fusion-in-stars:example""]",[],"[{""documentId"":""4PH1-spec"",""pdfPages"":[32],""provenanceKind"":""source-fact"",""observation"":""Specification scope reviewed; explanation and examples are original teaching content.""}]",drafted,agent-source-checked,not-reviewed,Codex Astra,2026-09-20,"[""Substatement audit pending"",""Assessment-family and whole-chapter review incomplete""]",2026-09-20
4PH1:issue4:7.18:fission-and-chain-reactions,4PH1:issue4:7.18,radioactivity,fission-and-chain-reactions,partial,"[""fission-and-chain-reactions:example""]",[],"[{""documentId"":""4PH1-spec"",""pdfPages"":[32],""provenanceKind"":""source-fact"",""observation"":""Specification scope reviewed; explanation and examples are original teaching content.""}]",drafted,agent-source-checked,not-reviewed,Codex Astra,2026-09-20,"[""Substatement audit pending"",""Assessment-family and whole-chapter review incomplete""]",2026-09-20
4PH1:issue4:7.19:fission-and-chain-reactions,4PH1:issue4:7.19,radioactivity,fission-and-chain-reactions,partial,"[""fission-and-chain-reactions:example""]",[],"[{""documentId"":""4PH1-spec"",""pdfPages"":[32],""provenanceKind"":""source-fact"",""observation"":""Specification scope reviewed; explanation and examples are original teaching content.""}]",drafted,agent-source-checked,not-reviewed,Codex Astra,2026-09-20,"[""Substatement audit pending"",""Assessment-family and whole-chapter review incomplete""]",2026-09-20
4PH1:issue4:7.20:fission-and-chain-reactions,4PH1:issue4:7.20,radioactivity,fission-and-chain-reactions,partial,"[""fission-and-chain-reactions:example""]",[],"[{""documentId"":""4PH1-spec"",""pdfPages"":[32],""provenanceKind"":""source-fact"",""observation"":""Specification scope reviewed; explanation and examples are original teaching content.""}]",drafted,agent-source-checked,not-reviewed,Codex Astra,2026-09-20,"[""Substatement audit pending"",""Assessment-family and whole-chapter review incomplete""]",2026-09-20
4PH1:issue4:7.21:controlling-a-reactor,4PH1:issue4:7.21,radioactivity,controlling-a-reactor,partial,"[""controlling-a-reactor:example""]",[],"[{""documentId"":""4PH1-spec"",""pdfPages"":[32],""provenanceKind"":""source-fact"",""observation"":""Specification scope reviewed; explanation and examples are original teaching content.""}]",drafted,agent-source-checked,not-reviewed,Codex Astra,2026-09-20,"[""Substatement audit pending"",""Assessment-family and whole-chapter review incomplete""]",2026-09-20
4PH1:issue4:7.22:controlling-a-reactor,4PH1:issue4:7.22,radioactivity,controlling-a-reactor,partial,"[""controlling-a-reactor:example""]",[],"[{""documentId"":""4PH1-spec"",""pdfPages"":[32],""provenanceKind"":""source-fact"",""observation"":""Specification scope reviewed; explanation and examples are original teaching content.""}]",drafted,agent-source-checked,not-reviewed,Codex Astra,2026-09-20,"[""Substatement audit pending"",""Assessment-family and whole-chapter review incomplete""]",2026-09-20
4PH1:issue4:7.23:fission-and-chain-reactions,4PH1:issue4:7.23,radioactivity,fission-and-chain-reactions,partial,"[""fission-and-chain-reactions:example""]",[],"[{""documentId"":""4PH1-spec"",""pdfPages"":[32],""provenanceKind"":""source-fact"",""observation"":""Specification scope reviewed; explanation and examples are original teaching content.""}]",drafted,agent-source-checked,not-reviewed,Codex Astra,2026-09-20,"[""Substatement audit pending"",""Assessment-family and whole-chapter review incomplete""]",2026-09-20
4PH1:issue4:7.23:fusion-in-stars,4PH1:issue4:7.23,radioactivity,fusion-in-stars,partial,"[""fusion-in-stars:example""]",[],"[{""documentId"":""4PH1-spec"",""pdfPages"":[32],""provenanceKind"":""source-fact"",""observation"":""Specification scope reviewed; explanation and examples are original teaching content.""}]",drafted,agent-source-checked,not-reviewed,Codex Astra,2026-09-20,"[""Substatement audit pending"",""Assessment-family and whole-chapter review incomplete""]",2026-09-20
4PH1:issue4:7.24:fusion-in-stars,4PH1:issue4:7.24,radioactivity,fusion-in-stars,partial,"[""fusion-in-stars:example""]",[],"[{""documentId"":""4PH1-spec"",""pdfPages"":[32],""provenanceKind"":""source-fact"",""observation"":""Specification scope reviewed; explanation and examples are original teaching content.""}]",drafted,agent-source-checked,not-reviewed,Codex Astra,2026-09-20,"[""Substatement audit pending"",""Assessment-family and whole-chapter review incomplete""]",2026-09-20
4PH1:issue4:7.25:fusion-in-stars,4PH1:issue4:7.25,radioactivity,fusion-in-stars,partial,"[""fusion-in-stars:example""]",[],"[{""documentId"":""4PH1-spec"",""pdfPages"":[32],""provenanceKind"":""source-fact"",""observation"":""Specification scope reviewed; explanation and examples are original teaching content.""}]",drafted,agent-source-checked,not-reviewed,Codex Astra,2026-09-20,"[""Substatement audit pending"",""Assessment-family and whole-chapter review incomplete""]",2026-09-20
4PH1:issue4:7.26:fusion-in-stars,4PH1:issue4:7.26,radioactivity,fusion-in-stars,partial,"[""fusion-in-stars:example""]",[],"[{""documentId"":""4PH1-spec"",""pdfPages"":[32],""provenanceKind"":""source-fact"",""observation"":""Specification scope reviewed; explanation and examples are original teaching content.""}]",drafted,agent-source-checked,not-reviewed,Codex Astra,2026-09-20,"[""Substatement audit pending"",""Assessment-family and whole-chapter review incomplete""]",2026-09-20
4PH1:issue4:8.1:gravity-on-other-worlds,4PH1:issue4:8.1,astrophysics,gravity-on-other-worlds,partial,"[""gravity-on-other-worlds:example""]",[],"[{""documentId"":""4PH1-spec"",""pdfPages"":[33],""provenanceKind"":""source-fact"",""observation"":""Specification scope reviewed; explanation and examples are original teaching content.""}]",drafted,agent-source-checked,not-reviewed,Codex Astra,2026-09-20,"[""Substatement audit pending"",""Assessment-family and whole-chapter review incomplete""]",2026-09-20
4PH1:issue4:8.1:circular-orbital-speed,4PH1:issue4:8.1,astrophysics,circular-orbital-speed,partial,"[""circular-orbital-speed:example""]",[],"[{""documentId"":""4PH1-spec"",""pdfPages"":[33],""provenanceKind"":""source-fact"",""observation"":""Specification scope reviewed; explanation and examples are original teaching content.""}]",drafted,agent-source-checked,not-reviewed,Codex Astra,2026-09-20,"[""Substatement audit pending"",""Assessment-family and whole-chapter review incomplete""]",2026-09-20
4PH1:issue4:8.2:our-place-in-space,4PH1:issue4:8.2,astrophysics,our-place-in-space,partial,"[""our-place-in-space:example""]",[],"[{""documentId"":""4PH1-spec"",""pdfPages"":[33],""provenanceKind"":""source-fact"",""observation"":""Specification scope reviewed; explanation and examples are original teaching content.""}]",drafted,agent-source-checked,not-reviewed,Codex Astra,2026-09-20,"[""Substatement audit pending"",""Assessment-family and whole-chapter review incomplete""]",2026-09-20
4PH1:issue4:8.3:gravity-on-other-worlds,4PH1:issue4:8.3,astrophysics,gravity-on-other-worlds,partial,"[""gravity-on-other-worlds:example""]",[],"[{""documentId"":""4PH1-spec"",""pdfPages"":[33],""provenanceKind"":""source-fact"",""observation"":""Specification scope reviewed; explanation and examples are original teaching content.""}]",drafted,agent-source-checked,not-reviewed,Codex Astra,2026-09-20,"[""Substatement audit pending"",""Assessment-family and whole-chapter review incomplete""]",2026-09-20
4PH1:issue4:8.4:gravity-keeps-orbits,4PH1:issue4:8.4,astrophysics,gravity-keeps-orbits,partial,"[""gravity-keeps-orbits:example""]",[],"[{""documentId"":""4PH1-spec"",""pdfPages"":[33],""provenanceKind"":""source-fact"",""observation"":""Specification scope reviewed; explanation and examples are original teaching content.""}]",drafted,agent-source-checked,not-reviewed,Codex Astra,2026-09-20,"[""Substatement audit pending"",""Assessment-family and whole-chapter review incomplete""]",2026-09-20
4PH1:issue4:8.5:comparing-orbits,4PH1:issue4:8.5,astrophysics,comparing-orbits,partial,"[""comparing-orbits:example""]",[],"[{""documentId"":""4PH1-spec"",""pdfPages"":[33],""provenanceKind"":""source-fact"",""observation"":""Specification scope reviewed; explanation and examples are original teaching content.""}]",drafted,agent-source-checked,not-reviewed,Codex Astra,2026-09-20,"[""Substatement audit pending"",""Assessment-family and whole-chapter review incomplete""]",2026-09-20
4PH1:issue4:8.6:circular-orbital-speed,4PH1:issue4:8.6,astrophysics,circular-orbital-speed,partial,"[""circular-orbital-speed:example""]",[],"[{""documentId"":""4PH1-spec"",""pdfPages"":[33],""provenanceKind"":""source-fact"",""observation"":""Specification scope reviewed; explanation and examples are original teaching content.""}]",drafted,agent-source-checked,not-reviewed,Codex Astra,2026-09-20,"[""Substatement audit pending"",""Assessment-family and whole-chapter review incomplete""]",2026-09-20
4PH1:issue4:8.7:stellar-colour-temperature,4PH1:issue4:8.7,astrophysics,stellar-colour-temperature,partial,"[""stellar-colour-temperature:example""]",[],"[{""documentId"":""4PH1-spec"",""pdfPages"":[34],""provenanceKind"":""source-fact"",""observation"":""Specification scope reviewed; explanation and examples are original teaching content.""}]",drafted,agent-source-checked,not-reviewed,Codex Astra,2026-09-20,"[""Substatement audit pending"",""Assessment-family and whole-chapter review incomplete""]",2026-09-20
4PH1:issue4:8.8:stellar-colour-temperature,4PH1:issue4:8.8,astrophysics,stellar-colour-temperature,partial,"[""stellar-colour-temperature:example""]",[],"[{""documentId"":""4PH1-spec"",""pdfPages"":[34],""provenanceKind"":""source-fact"",""observation"":""Specification scope reviewed; explanation and examples are original teaching content.""}]",drafted,agent-source-checked,not-reviewed,Codex Astra,2026-09-20,"[""Substatement audit pending"",""Assessment-family and whole-chapter review incomplete""]",2026-09-20
4PH1:issue4:8.9:sun-like-stellar-evolution,4PH1:issue4:8.9,astrophysics,sun-like-stellar-evolution,partial,"[""sun-like-stellar-evolution:example""]",[],"[{""documentId"":""4PH1-spec"",""pdfPages"":[34],""provenanceKind"":""source-fact"",""observation"":""Specification scope reviewed; explanation and examples are original teaching content.""}]",drafted,agent-source-checked,not-reviewed,Codex Astra,2026-09-20,"[""Substatement audit pending"",""Assessment-family and whole-chapter review incomplete""]",2026-09-20
4PH1:issue4:8.10:massive-stellar-evolution,4PH1:issue4:8.10,astrophysics,massive-stellar-evolution,partial,"[""massive-stellar-evolution:example""]",[],"[{""documentId"":""4PH1-spec"",""pdfPages"":[34],""provenanceKind"":""source-fact"",""observation"":""Specification scope reviewed; explanation and examples are original teaching content.""}]",drafted,agent-source-checked,not-reviewed,Codex Astra,2026-09-20,"[""Substatement audit pending"",""Assessment-family and whole-chapter review incomplete""]",2026-09-20
4PH1:issue4:8.11P:absolute-magnitude,4PH1:issue4:8.11P,astrophysics,absolute-magnitude,partial,"[""absolute-magnitude:example""]",[],"[{""documentId"":""4PH1-spec"",""pdfPages"":[34],""provenanceKind"":""source-fact"",""observation"":""Specification scope reviewed; explanation and examples are original teaching content.""}]",drafted,agent-source-checked,not-reviewed,Codex Astra,2026-09-20,"[""Substatement audit pending"",""Assessment-family and whole-chapter review incomplete""]",2026-09-20
4PH1:issue4:8.12P:hertzsprung-russell-diagram,4PH1:issue4:8.12P,astrophysics,hertzsprung-russell-diagram,partial,"[""hertzsprung-russell-diagram:example""]",[],"[{""documentId"":""4PH1-spec"",""pdfPages"":[34],""provenanceKind"":""source-fact"",""observation"":""Specification scope reviewed; explanation and examples are original teaching content.""}]",drafted,agent-source-checked,not-reviewed,Codex Astra,2026-09-20,"[""Substatement audit pending"",""Assessment-family and whole-chapter review incomplete""]",2026-09-20
4PH1:issue4:8.13P:big-bang-and-cmb,4PH1:issue4:8.13P,astrophysics,big-bang-and-cmb,partial,"[""big-bang-and-cmb:example""]",[],"[{""documentId"":""4PH1-spec"",""pdfPages"":[34],""provenanceKind"":""source-fact"",""observation"":""Specification scope reviewed; explanation and examples are original teaching content.""}]",drafted,agent-source-checked,not-reviewed,Codex Astra,2026-09-20,"[""Substatement audit pending"",""Assessment-family and whole-chapter review incomplete""]",2026-09-20
4PH1:issue4:8.14P:galaxies-and-expansion,4PH1:issue4:8.14P,astrophysics,galaxies-and-expansion,partial,"[""galaxies-and-expansion:example""]",[],"[{""documentId"":""4PH1-spec"",""pdfPages"":[34],""provenanceKind"":""source-fact"",""observation"":""Specification scope reviewed; explanation and examples are original teaching content.""}]",drafted,agent-source-checked,not-reviewed,Codex Astra,2026-09-20,"[""Substatement audit pending"",""Assessment-family and whole-chapter review incomplete""]",2026-09-20
4PH1:issue4:8.14P:big-bang-and-cmb,4PH1:issue4:8.14P,astrophysics,big-bang-and-cmb,partial,"[""big-bang-and-cmb:example""]",[],"[{""documentId"":""4PH1-spec"",""pdfPages"":[34],""provenanceKind"":""source-fact"",""observation"":""Specification scope reviewed; explanation and examples are original teaching content.""}]",drafted,agent-source-checked,not-reviewed,Codex Astra,2026-09-20,"[""Substatement audit pending"",""Assessment-family and whole-chapter review incomplete""]",2026-09-20
4PH1:issue4:8.15P:doppler-shift,4PH1:issue4:8.15P,astrophysics,doppler-shift,partial,"[""doppler-shift:example""]",[],"[{""documentId"":""4PH1-spec"",""pdfPages"":[34],""provenanceKind"":""source-fact"",""observation"":""Specification scope reviewed; explanation and examples are original teaching content.""}]",drafted,agent-source-checked,not-reviewed,Codex Astra,2026-09-20,"[""Substatement audit pending"",""Assessment-family and whole-chapter review incomplete""]",2026-09-20
4PH1:issue4:8.16P:redshift-calculations,4PH1:issue4:8.16P,astrophysics,redshift-calculations,partial,"[""redshift-calculations:example""]",[],"[{""documentId"":""4PH1-spec"",""pdfPages"":[34],""provenanceKind"":""source-fact"",""observation"":""Specification scope reviewed; explanation and examples are original teaching content.""}]",drafted,agent-source-checked,not-reviewed,Codex Astra,2026-09-20,"[""Substatement audit pending"",""Assessment-family and whole-chapter review incomplete""]",2026-09-20
4PH1:issue4:8.17P:galaxies-and-expansion,4PH1:issue4:8.17P,astrophysics,galaxies-and-expansion,partial,"[""galaxies-and-expansion:example""]",[],"[{""documentId"":""4PH1-spec"",""pdfPages"":[34],""provenanceKind"":""source-fact"",""observation"":""Specification scope reviewed; explanation and examples are original teaching content.""}]",drafted,agent-source-checked,not-reviewed,Codex Astra,2026-09-20,"[""Substatement audit pending"",""Assessment-family and whole-chapter review incomplete""]",2026-09-20
4PH1:issue4:8.18P:galaxies-and-expansion,4PH1:issue4:8.18P,astrophysics,galaxies-and-expansion,partial,"[""galaxies-and-expansion:example""]",[],"[{""documentId"":""4PH1-spec"",""pdfPages"":[34],""provenanceKind"":""source-fact"",""observation"":""Specification scope reviewed; explanation and examples are original teaching content.""}]",drafted,agent-source-checked,not-reviewed,Codex Astra,2026-09-20,"[""Substatement audit pending"",""Assessment-family and whole-chapter review incomplete""]",2026-09-20
