point_id,qualification,specification_document_id,specification_issue,official_reference,parent_point_id,reference_kind,short_original_summary,pdf_page,printed_page,applicable_components_json,applicability_status,extraction_status,reviewed_by,reviewer_type,human_reviewed,updated_at
4PH1:issue4:2.1,4PH1,4PH1-spec,Issue 4 - September 2024,2.1,,statement,"Use A, C, J, Ω, s, V and W.",20,14,"[""1P"", ""2P""]",current-specification,source-checked,Codex Astra,agent,false,2026-09-11
4PH1:issue4:2.2,4PH1,4PH1-spec,Issue 4 - September 2024,2.2,,statement,"Explain protection by insulation, double insulation, earthing, fuses and circuit breakers in domestic appliances.",20,14,"[""1P"", ""2P""]",current-specification,source-checked,Codex Astra,agent,false,2026-09-11
4PH1:issue4:2.3,4PH1,4PH1-spec,Issue 4 - September 2024,2.3,,statement,Explain resistive heating and its domestic applications.,20,14,"[""1P"", ""2P""]",current-specification,source-checked,Codex Astra,agent,false,2026-09-11
4PH1:issue4:2.4,4PH1,4PH1-spec,Issue 4 - September 2024,2.4,,statement,"Use P = IV, including selecting an appropriate fuse.",20,14,"[""1P"", ""2P""]",current-specification,source-checked,Codex Astra,agent,false,2026-09-11
4PH1:issue4:2.5,4PH1,4PH1-spec,Issue 4 - September 2024,2.5,,statement,Calculate electrical energy transfer using E = IVt.,20,14,"[""1P"", ""2P""]",current-specification,source-checked,Codex Astra,agent,false,2026-09-11
4PH1:issue4:2.6,4PH1,4PH1-spec,Issue 4 - September 2024,2.6,,statement,Distinguish mains alternating current from direct current supplied by cells and batteries.,20,14,"[""1P"", ""2P""]",current-specification,source-checked,Codex Astra,agent,false,2026-09-11
4PH1:issue4:2.7,4PH1,4PH1-spec,Issue 4 - September 2024,2.7,,statement,"Explain suitable series and parallel applications, including domestic lighting.",20,14,"[""1P"", ""2P""]",current-specification,source-checked,Codex Astra,agent,false,2026-09-11
4PH1:issue4:2.8,4PH1,4PH1-spec,Issue 4 - September 2024,2.8,,statement,Relate series current to applied voltage and the number and nature of components.,20,14,"[""1P"", ""2P""]",current-specification,source-checked,Codex Astra,agent,false,2026-09-11
4PH1:issue4:2.9,4PH1,4PH1-spec,Issue 4 - September 2024,2.9,,statement,"Describe and investigate current–voltage behaviour of wires, resistors, filament lamps and diodes.",20,14,"[""1P"", ""2P""]",current-specification,source-checked,Codex Astra,agent,false,2026-09-11
4PH1:issue4:2.10,4PH1,4PH1-spec,Issue 4 - September 2024,2.10,,statement,Explain qualitatively the effect of resistance changes on circuit current.,21,15,"[""1P"", ""2P""]",current-specification,source-checked,Codex Astra,agent,false,2026-09-11
4PH1:issue4:2.11,4PH1,4PH1-spec,Issue 4 - September 2024,2.11,,statement,Describe resistance trends for LDR illumination and thermistor temperature.,21,15,"[""1P"", ""2P""]",current-specification,source-checked,Codex Astra,agent,false,2026-09-11
4PH1:issue4:2.12,4PH1,4PH1-spec,Issue 4 - September 2024,2.12,,statement,Use lamps and LEDs to indicate current.,21,15,"[""1P"", ""2P""]",current-specification,source-checked,Codex Astra,agent,false,2026-09-11
4PH1:issue4:2.13,4PH1,4PH1-spec,Issue 4 - September 2024,2.13,,statement,"Calculate voltage, current and resistance using V = IR.",21,15,"[""1P"", ""2P""]",current-specification,source-checked,Codex Astra,agent,false,2026-09-11
4PH1:issue4:2.14,4PH1,4PH1-spec,Issue 4 - September 2024,2.14,,statement,Define current as charge flow per unit time.,21,15,"[""1P"", ""2P""]",current-specification,source-checked,Codex Astra,agent,false,2026-09-11
4PH1:issue4:2.15,4PH1,4PH1-spec,Issue 4 - September 2024,2.15,,statement,Calculate charge using Q = It.,21,15,"[""1P"", ""2P""]",current-specification,source-checked,Codex Astra,agent,false,2026-09-11
4PH1:issue4:2.16,4PH1,4PH1-spec,Issue 4 - September 2024,2.16,,statement,Describe current in solid metallic conductors as negatively charged electron flow.,21,15,"[""1P"", ""2P""]",current-specification,source-checked,Codex Astra,agent,false,2026-09-11
4PH1:issue4:2.17,4PH1,4PH1-spec,Issue 4 - September 2024,2.17,,statement,Explain conservation of current at a junction.,21,15,"[""1P"", ""2P""]",current-specification,source-checked,Codex Astra,agent,false,2026-09-11
4PH1:issue4:2.18,4PH1,4PH1-spec,Issue 4 - September 2024,2.18,,statement,Identify equal voltage across parallel components.,21,15,"[""1P"", ""2P""]",current-specification,source-checked,Codex Astra,agent,false,2026-09-11
4PH1:issue4:2.19,4PH1,4PH1-spec,Issue 4 - September 2024,2.19,,statement,"Calculate currents, voltages and resistances for two resistive components in series.",21,15,"[""1P"", ""2P""]",current-specification,source-checked,Codex Astra,agent,false,2026-09-11
4PH1:issue4:2.20,4PH1,4PH1-spec,Issue 4 - September 2024,2.20,,statement,Define voltage as energy transferred per charge and the volt as a joule per coulomb.,21,15,"[""1P"", ""2P""]",current-specification,source-checked,Codex Astra,agent,false,2026-09-11
4PH1:issue4:2.21,4PH1,4PH1-spec,Issue 4 - September 2024,2.21,,statement,Calculate electrical energy transfer using E = QV.,21,15,"[""1P"", ""2P""]",current-specification,source-checked,Codex Astra,agent,false,2026-09-11
4PH1:issue4:2.22P,4PH1,4PH1-spec,Issue 4 - September 2024,2.22P,,statement,"Identify common conductors and insulators, including metals and plastics.",21,15,"[""2P""]",current-specification,source-checked,Codex Astra,agent,false,2026-09-11
4PH1:issue4:2.23P,4PH1,4PH1-spec,Issue 4 - September 2024,2.23P,,statement,Investigate charging insulating materials by friction.,21,15,"[""2P""]",current-specification,source-checked,Codex Astra,agent,false,2026-09-11
4PH1:issue4:2.24P,4PH1,4PH1-spec,Issue 4 - September 2024,2.24P,,statement,Explain positive and negative charging by electron loss and gain.,21,15,"[""2P""]",current-specification,source-checked,Codex Astra,agent,false,2026-09-11
4PH1:issue4:2.25P,4PH1,4PH1-spec,Issue 4 - September 2024,2.25P,,statement,Describe attraction between unlike charges and repulsion between like charges.,21,15,"[""2P""]",current-specification,source-checked,Codex Astra,agent,false,2026-09-11
4PH1:issue4:2.26P,4PH1,4PH1-spec,Issue 4 - September 2024,2.26P,,statement,Explain electrostatic phenomena through electron movement.,21,15,"[""2P""]",current-specification,source-checked,Codex Astra,agent,false,2026-09-11
4PH1:issue4:2.27P,4PH1,4PH1-spec,Issue 4 - September 2024,2.27P,,statement,"Explain dangers from electrostatic charge, including aircraft and tanker fuelling.",21,15,"[""2P""]",current-specification,source-checked,Codex Astra,agent,false,2026-09-11
4PH1:issue4:2.28P,4PH1,4PH1-spec,Issue 4 - September 2024,2.28P,,statement,"Explain applications of electrostatic charge, including photocopiers and inkjet printers.",21,15,"[""2P""]",current-specification,source-checked,Codex Astra,agent,false,2026-09-11
4PH1:issue4:1.1,4PH1,4PH1-spec,Issue 4 - September 2024,1.1,,statement,"Use kg, m, m/s, m/s², N, s and N/kg.",17,11,"[""1P"", ""2P""]",current-specification,source-checked,Codex Astra,agent,false,2026-09-09
4PH1:issue4:1.2P,4PH1,4PH1-spec,Issue 4 - September 2024,1.2P,,statement,Use N m and kg m/s.,17,11,"[""2P""]",current-specification,source-checked,Codex Astra,agent,false,2026-09-09
4PH1:issue4:1.3,4PH1,4PH1-spec,Issue 4 - September 2024,1.3,,statement,Construct and interpret distance against time graphs.,17,11,"[""1P"", ""2P""]",current-specification,source-checked,Codex Astra,agent,false,2026-09-09
4PH1:issue4:1.4,4PH1,4PH1-spec,Issue 4 - September 2024,1.4,,statement,Relate average speed to total distance and elapsed time.,17,11,"[""1P"", ""2P""]",current-specification,source-checked,Codex Astra,agent,false,2026-09-09
4PH1:issue4:1.5,4PH1,4PH1-spec,Issue 4 - September 2024,1.5,,statement,Investigate the movement of an everyday object experimentally.,17,11,"[""1P"", ""2P""]",current-specification,source-checked,Codex Astra,agent,false,2026-09-09
4PH1:issue4:1.6,4PH1,4PH1-spec,Issue 4 - September 2024,1.6,,statement,Relate acceleration to velocity change and elapsed time.,17,11,"[""1P"", ""2P""]",current-specification,source-checked,Codex Astra,agent,false,2026-09-09
4PH1:issue4:1.7,4PH1,4PH1-spec,Issue 4 - September 2024,1.7,,statement,Construct and interpret velocity against time graphs.,17,11,"[""1P"", ""2P""]",current-specification,source-checked,Codex Astra,agent,false,2026-09-09
4PH1:issue4:1.8,4PH1,4PH1-spec,Issue 4 - September 2024,1.8,,statement,Calculate acceleration using a velocity graph gradient.,17,11,"[""1P"", ""2P""]",current-specification,source-checked,Codex Astra,agent,false,2026-09-09
4PH1:issue4:1.9,4PH1,4PH1-spec,Issue 4 - September 2024,1.9,,statement,Calculate travel distance using the area between a velocity graph and the time axis.,17,11,"[""1P"", ""2P""]",current-specification,source-checked,Codex Astra,agent,false,2026-09-09
4PH1:issue4:1.10,4PH1,4PH1-spec,Issue 4 - September 2024,1.10,,statement,Use v² = u² + 2as.,17,11,"[""1P"", ""2P""]",current-specification,source-checked,Codex Astra,agent,false,2026-09-09
4PH1:issue4:1.11,4PH1,4PH1-spec,Issue 4 - September 2024,1.11,,statement,"Describe how interactions change speed, direction or shape.",18,12,"[""1P"", ""2P""]",current-specification,source-checked,Codex Astra,agent,false,2026-09-09
4PH1:issue4:1.12,4PH1,4PH1-spec,Issue 4 - September 2024,1.12,,statement,Recognise force types including gravitational and electrostatic forces.,18,12,"[""1P"", ""2P""]",current-specification,source-checked,Codex Astra,agent,false,2026-09-09
4PH1:issue4:1.13,4PH1,4PH1-spec,Issue 4 - September 2024,1.13,,statement,Distinguish scalar and vector quantities.,18,12,"[""1P"", ""2P""]",current-specification,source-checked,Codex Astra,agent,false,2026-09-09
4PH1:issue4:1.14,4PH1,4PH1-spec,Issue 4 - September 2024,1.14,,statement,Treat force as having magnitude and direction.,18,12,"[""1P"", ""2P""]",current-specification,source-checked,Codex Astra,agent,false,2026-09-09
4PH1:issue4:1.15,4PH1,4PH1-spec,Issue 4 - September 2024,1.15,,statement,Combine forces along a straight line.,18,12,"[""1P"", ""2P""]",current-specification,source-checked,Codex Astra,agent,false,2026-09-09
4PH1:issue4:1.16,4PH1,4PH1-spec,Issue 4 - September 2024,1.16,,statement,Recognise friction as opposing motion.,18,12,"[""1P"", ""2P""]",current-specification,source-checked,Codex Astra,agent,false,2026-09-09
4PH1:issue4:1.17,4PH1,4PH1-spec,Issue 4 - September 2024,1.17,,statement,Use F = ma for resultant force.,18,12,"[""1P"", ""2P""]",current-specification,source-checked,Codex Astra,agent,false,2026-09-09
4PH1:issue4:1.18,4PH1,4PH1-spec,Issue 4 - September 2024,1.18,,statement,Relate weight to mass and gravitational field strength.,18,12,"[""1P"", ""2P""]",current-specification,source-checked,Codex Astra,agent,false,2026-09-09
4PH1:issue4:1.19,4PH1,4PH1-spec,Issue 4 - September 2024,1.19,,statement,Separate stopping distance into thinking and braking distances.,18,12,"[""1P"", ""2P""]",current-specification,source-checked,Codex Astra,agent,false,2026-09-09
4PH1:issue4:1.20,4PH1,4PH1-spec,Issue 4 - September 2024,1.20,,statement,"Explain the effects of speed, mass, road conditions and reaction time on stopping distance.",18,12,"[""1P"", ""2P""]",current-specification,source-checked,Codex Astra,agent,false,2026-09-09
4PH1:issue4:1.21,4PH1,4PH1-spec,Issue 4 - September 2024,1.21,,statement,Describe falling-object forces and explain terminal velocity.,18,12,"[""1P"", ""2P""]",current-specification,source-checked,Codex Astra,agent,false,2026-09-09
4PH1:issue4:1.22,4PH1,4PH1-spec,Issue 4 - September 2024,1.22,,statement,"Investigate force and extension for helical springs, metal wires and rubber bands.",18,12,"[""1P"", ""2P""]",current-specification,source-checked,Codex Astra,agent,false,2026-09-09
4PH1:issue4:1.23,4PH1,4PH1-spec,Issue 4 - September 2024,1.23,,statement,Connect the initial linear force-extension region with Hooke’s law.,18,12,"[""1P"", ""2P""]",current-specification,source-checked,Codex Astra,agent,false,2026-09-09
4PH1:issue4:1.24,4PH1,4PH1-spec,Issue 4 - September 2024,1.24,,statement,Explain elastic recovery when deforming forces are removed.,18,12,"[""1P"", ""2P""]",current-specification,source-checked,Codex Astra,agent,false,2026-09-09
4PH1:issue4:1.25P,4PH1,4PH1-spec,Issue 4 - September 2024,1.25P,,statement,Relate momentum to mass and velocity.,18,12,"[""2P""]",current-specification,source-checked,Codex Astra,agent,false,2026-09-09
4PH1:issue4:1.26P,4PH1,4PH1-spec,Issue 4 - September 2024,1.26P,,statement,Explain safety features using momentum.,18,12,"[""2P""]",current-specification,source-checked,Codex Astra,agent,false,2026-09-09
4PH1:issue4:1.27P,4PH1,4PH1-spec,Issue 4 - September 2024,1.27P,,statement,"Use momentum conservation to calculate mass, velocity or momentum.",18,12,"[""2P""]",current-specification,source-checked,Codex Astra,agent,false,2026-09-09
4PH1:issue4:1.28P,4PH1,4PH1-spec,Issue 4 - September 2024,1.28P,,statement,Relate force to the rate of momentum change.,18,12,"[""2P""]",current-specification,source-checked,Codex Astra,agent,false,2026-09-09
4PH1:issue4:1.29P,4PH1,4PH1-spec,Issue 4 - September 2024,1.29P,,statement,Explain Newton’s third law.,19,13,"[""2P""]",current-specification,source-checked,Codex Astra,agent,false,2026-09-09
4PH1:issue4:1.30P,4PH1,4PH1-spec,Issue 4 - September 2024,1.30P,,statement,Calculate moments using perpendicular pivot distances.,19,13,"[""2P""]",current-specification,source-checked,Codex Astra,agent,false,2026-09-09
4PH1:issue4:1.31P,4PH1,4PH1-spec,Issue 4 - September 2024,1.31P,,statement,Recognise that weight acts through the centre of gravity.,19,13,"[""2P""]",current-specification,source-checked,Codex Astra,agent,false,2026-09-09
4PH1:issue4:1.32P,4PH1,4PH1-spec,Issue 4 - September 2024,1.32P,,statement,Balance moments for parallel forces in one plane.,19,13,"[""2P""]",current-specification,source-checked,Codex Astra,agent,false,2026-09-09
4PH1:issue4:1.33P,4PH1,4PH1-spec,Issue 4 - September 2024,1.33P,,statement,Explain how load position affects reactions at the two ends of a light beam.,19,13,"[""2P""]",current-specification,source-checked,Codex Astra,agent,false,2026-09-09
4PH1:issue4:3.1,4PH1,4PH1-spec,Issue 4 - September 2024,3.1,,statement,"Use degrees, Hz, m, m/s and s.",22,16,"[""1P"", ""2P""]",current-specification,source-checked,Codex Astra,agent,false,2026-09-10
4PH1:issue4:3.2,4PH1,4PH1-spec,Issue 4 - September 2024,3.2,,statement,Distinguish longitudinal and transverse vibration directions.,22,16,"[""1P"", ""2P""]",current-specification,source-checked,Codex Astra,agent,false,2026-09-10
4PH1:issue4:3.3,4PH1,4PH1-spec,Issue 4 - September 2024,3.3,,statement,"Define amplitude, wavefront, frequency, wavelength and period.",22,16,"[""1P"", ""2P""]",current-specification,source-checked,Codex Astra,agent,false,2026-09-10
4PH1:issue4:3.4,4PH1,4PH1-spec,Issue 4 - September 2024,3.4,,statement,Explain wave transport of energy and information without net matter transport.,22,16,"[""1P"", ""2P""]",current-specification,source-checked,Codex Astra,agent,false,2026-09-10
4PH1:issue4:3.5,4PH1,4PH1-spec,Issue 4 - September 2024,3.5,,statement,Calculate using v = fλ.,22,16,"[""1P"", ""2P""]",current-specification,source-checked,Codex Astra,agent,false,2026-09-10
4PH1:issue4:3.6,4PH1,4PH1-spec,Issue 4 - September 2024,3.6,,statement,Calculate frequency from reciprocal period.,22,16,"[""1P"", ""2P""]",current-specification,source-checked,Codex Astra,agent,false,2026-09-10
4PH1:issue4:3.7,4PH1,4PH1-spec,Issue 4 - September 2024,3.7,,statement,Apply wave equations to sound and electromagnetic contexts.,22,16,"[""1P"", ""2P""]",current-specification,source-checked,Codex Astra,agent,false,2026-09-10
4PH1:issue4:3.8,4PH1,4PH1-spec,Issue 4 - September 2024,3.8,,statement,Explain Doppler changes in observed frequency and wavelength due to relative source motion.,22,16,"[""1P"", ""2P""]",current-specification,source-checked,Codex Astra,agent,false,2026-09-10
4PH1:issue4:3.9,4PH1,4PH1-spec,Issue 4 - September 2024,3.9,,statement,Explain reflection and refraction for waves.,22,16,"[""1P"", ""2P""]",current-specification,source-checked,Codex Astra,agent,false,2026-09-10
4PH1:issue4:3.10,4PH1,4PH1-spec,Issue 4 - September 2024,3.10,,statement,Identify the continuous electromagnetic spectrum and common free-space speed.,23,17,"[""1P"", ""2P""]",current-specification,source-checked,Codex Astra,agent,false,2026-09-10
4PH1:issue4:3.11,4PH1,4PH1-spec,Issue 4 - September 2024,3.11,,statement,"Order spectrum regions by frequency and wavelength, including visible colours.",23,17,"[""1P"", ""2P""]",current-specification,source-checked,Codex Astra,agent,false,2026-09-10
4PH1:issue4:3.12,4PH1,4PH1-spec,Issue 4 - September 2024,3.12,,statement,Explain specified applications of each electromagnetic region.,23,17,"[""1P"", ""2P""]",current-specification,source-checked,Codex Astra,agent,false,2026-09-10
4PH1:issue4:3.13,4PH1,4PH1-spec,Issue 4 - September 2024,3.13,,statement,Explain specified excessive-exposure hazards and suitable protection.,23,17,"[""1P"", ""2P""]",current-specification,source-checked,Codex Astra,agent,false,2026-09-10
4PH1:issue4:3.14,4PH1,4PH1-spec,Issue 4 - September 2024,3.14,,statement,Identify light as transverse and capable of reflection/refraction.,23,17,"[""1P"", ""2P""]",current-specification,source-checked,Codex Astra,agent,false,2026-09-10
4PH1:issue4:3.15,4PH1,4PH1-spec,Issue 4 - September 2024,3.15,,statement,Use equal incidence and reflection angles.,23,17,"[""1P"", ""2P""]",current-specification,source-checked,Codex Astra,agent,false,2026-09-10
4PH1:issue4:3.16,4PH1,4PH1-spec,Issue 4 - September 2024,3.16,,statement,Construct ray diagrams for reflection and refraction.,23,17,"[""1P"", ""2P""]",current-specification,source-checked,Codex Astra,agent,false,2026-09-10
4PH1:issue4:3.17,4PH1,4PH1-spec,Issue 4 - September 2024,3.17,,statement,Investigate refraction with rectangular/semicircular blocks and triangular prisms.,23,17,"[""1P"", ""2P""]",current-specification,source-checked,Codex Astra,agent,false,2026-09-10
4PH1:issue4:3.18,4PH1,4PH1-spec,Issue 4 - September 2024,3.18,,statement,Use n = sin i / sin r for entry from air.,23,17,"[""1P"", ""2P""]",current-specification,source-checked,Codex Astra,agent,false,2026-09-10
4PH1:issue4:3.19,4PH1,4PH1-spec,Issue 4 - September 2024,3.19,,statement,Investigate glass refractive index using a block.,23,17,"[""1P"", ""2P""]",current-specification,source-checked,Codex Astra,agent,false,2026-09-10
4PH1:issue4:3.20,4PH1,4PH1-spec,Issue 4 - September 2024,3.20,,statement,Explain TIR in optical fibres and prisms.,23,17,"[""1P"", ""2P""]",current-specification,source-checked,Codex Astra,agent,false,2026-09-10
4PH1:issue4:3.21,4PH1,4PH1-spec,Issue 4 - September 2024,3.21,,statement,Explain the critical angle.,23,17,"[""1P"", ""2P""]",current-specification,source-checked,Codex Astra,agent,false,2026-09-10
4PH1:issue4:3.22,4PH1,4PH1-spec,Issue 4 - September 2024,3.22,,statement,Use sin c = 1/n for a material-to-air boundary.,24,18,"[""1P"", ""2P""]",current-specification,source-checked,Codex Astra,agent,false,2026-09-10
4PH1:issue4:3.23,4PH1,4PH1-spec,Issue 4 - September 2024,3.23,,statement,Identify sound as longitudinal and capable of reflection/refraction.,24,18,"[""1P"", ""2P""]",current-specification,source-checked,Codex Astra,agent,false,2026-09-10
4PH1:issue4:3.24P,4PH1,4PH1-spec,Issue 4 - September 2024,3.24P,,statement,Know the approximate 20–20 000 Hz human hearing range.,24,18,"[""2P""]",current-specification,source-checked,Codex Astra,agent,false,2026-09-10
4PH1:issue4:3.25P,4PH1,4PH1-spec,Issue 4 - September 2024,3.25P,,statement,Investigate sound speed in air.,24,18,"[""2P""]",current-specification,source-checked,Codex Astra,agent,false,2026-09-10
4PH1:issue4:3.26P,4PH1,4PH1-spec,Issue 4 - September 2024,3.26P,,statement,Explain microphone and oscilloscope sound displays.,24,18,"[""2P""]",current-specification,source-checked,Codex Astra,agent,false,2026-09-10
4PH1:issue4:3.27P,4PH1,4PH1-spec,Issue 4 - September 2024,3.27P,,statement,Measure sound frequency with an oscilloscope.,24,18,"[""2P""]",current-specification,source-checked,Codex Astra,agent,false,2026-09-10
4PH1:issue4:3.28P,4PH1,4PH1-spec,Issue 4 - September 2024,3.28P,,statement,Relate pitch to source vibration frequency.,24,18,"[""2P""]",current-specification,source-checked,Codex Astra,agent,false,2026-09-10
4PH1:issue4:3.29P,4PH1,4PH1-spec,Issue 4 - September 2024,3.29P,,statement,Relate loudness to source vibration amplitude.,24,18,"[""2P""]",current-specification,source-checked,Codex Astra,agent,false,2026-09-10
4PH1:issue4:4.1,4PH1,4PH1-spec,Issue 4 - September 2024,4.1,,statement,"Use kg, J, m, m/s, m/s², N, s and W.",25,19,"[""1P"", ""2P""]",current-specification,source-checked,Codex Astra,agent,false,2026-09-11
4PH1:issue4:4.2,4PH1,4PH1-spec,Issue 4 - September 2024,4.2,,statement,"Describe named energy stores and transfers by mechanical work, electricity, heating and radiation.",25,19,"[""1P"", ""2P""]",current-specification,source-checked,Codex Astra,agent,false,2026-09-11
4PH1:issue4:4.3,4PH1,4PH1-spec,Issue 4 - September 2024,4.3,,statement,Apply conservation of energy.,25,19,"[""1P"", ""2P""]",current-specification,source-checked,Codex Astra,agent,false,2026-09-11
4PH1:issue4:4.4,4PH1,4PH1-spec,Issue 4 - September 2024,4.4,,statement,Calculate efficiency as useful output divided by total output.,25,19,"[""1P"", ""2P""]",current-specification,source-checked,Codex Astra,agent,false,2026-09-11
4PH1:issue4:4.5,4PH1,4PH1-spec,Issue 4 - September 2024,4.5,,statement,"Explain energy transfers in devices, including Sankey diagrams.",25,19,"[""1P"", ""2P""]",current-specification,source-checked,Codex Astra,agent,false,2026-09-11
4PH1:issue4:4.6,4PH1,4PH1-spec,Issue 4 - September 2024,4.6,,statement,"Describe conduction, convection and radiation.",25,19,"[""1P"", ""2P""]",current-specification,source-checked,Codex Astra,agent,false,2026-09-11
4PH1:issue4:4.7,4PH1,4PH1-spec,Issue 4 - September 2024,4.7,,statement,Explain everyday convection phenomena.,25,19,"[""1P"", ""2P""]",current-specification,source-checked,Codex Astra,agent,false,2026-09-11
4PH1:issue4:4.8,4PH1,4PH1-spec,Issue 4 - September 2024,4.8,,statement,Relate radiation emission and absorption to surface and temperature.,25,19,"[""1P"", ""2P""]",current-specification,source-checked,Codex Astra,agent,false,2026-09-11
4PH1:issue4:4.9,4PH1,4PH1-spec,Issue 4 - September 2024,4.9,,statement,"Investigate thermal transfer by conduction, convection and radiation.",25,19,"[""1P"", ""2P""]",current-specification,source-checked,Codex Astra,agent,false,2026-09-11
4PH1:issue4:4.10,4PH1,4PH1-spec,Issue 4 - September 2024,4.10,,statement,Explain how insulation reduces unwanted energy transfers.,25,19,"[""1P"", ""2P""]",current-specification,source-checked,Codex Astra,agent,false,2026-09-11
4PH1:issue4:4.11,4PH1,4PH1-spec,Issue 4 - September 2024,4.11,,statement,Use work done = force × distance moved in the force direction.,26,20,"[""1P"", ""2P""]",current-specification,source-checked,Codex Astra,agent,false,2026-09-11
4PH1:issue4:4.12,4PH1,4PH1-spec,Issue 4 - September 2024,4.12,,statement,Identify work done as energy transferred.,26,20,"[""1P"", ""2P""]",current-specification,source-checked,Codex Astra,agent,false,2026-09-11
4PH1:issue4:4.13,4PH1,4PH1-spec,Issue 4 - September 2024,4.13,,statement,Calculate gravitational potential energy using mgh.,26,20,"[""1P"", ""2P""]",current-specification,source-checked,Codex Astra,agent,false,2026-09-11
4PH1:issue4:4.14,4PH1,4PH1-spec,Issue 4 - September 2024,4.14,,statement,Calculate kinetic energy using ½mv².,26,20,"[""1P"", ""2P""]",current-specification,source-checked,Codex Astra,agent,false,2026-09-11
4PH1:issue4:4.15,4PH1,4PH1-spec,Issue 4 - September 2024,4.15,,statement,"Link gravitational potential energy, kinetic energy and work through conservation.",26,20,"[""1P"", ""2P""]",current-specification,source-checked,Codex Astra,agent,false,2026-09-11
4PH1:issue4:4.16,4PH1,4PH1-spec,Issue 4 - September 2024,4.16,,statement,Describe power as the rate of transferring energy or doing work.,26,20,"[""1P"", ""2P""]",current-specification,source-checked,Codex Astra,agent,false,2026-09-11
4PH1:issue4:4.17,4PH1,4PH1-spec,Issue 4 - September 2024,4.17,,statement,Calculate power from energy or work divided by time.,26,20,"[""1P"", ""2P""]",current-specification,source-checked,Codex Astra,agent,false,2026-09-11
4PH1:issue4:4.18P,4PH1,4PH1-spec,Issue 4 - September 2024,4.18P,,statement,"Trace electricity-generation transfers for wind, water, geothermal, solar heating, solar cells, fossil fuels and nuclear resources.",26,20,"[""2P""]",current-specification,source-checked,Codex Astra,agent,false,2026-09-11
4PH1:issue4:4.19P,4PH1,4PH1-spec,Issue 4 - September 2024,4.19P,,statement,Compare advantages and disadvantages of large-scale renewable and non-renewable electricity generation.,26,20,"[""2P""]",current-specification,source-checked,Codex Astra,agent,false,2026-09-11
4PH1:issue4:5.1,4PH1,4PH1-spec,Issue 4 - September 2024,5.1,,statement,"Use the specified temperature, energy, mass, density, length, area, volume, speed, acceleration, force and pressure units.",27,21,"[""1P"", ""2P""]",current-specification,source-checked,Codex Astra,agent,false,2026-09-11
4PH1:issue4:5.2P,4PH1,4PH1-spec,Issue 4 - September 2024,5.2P,,statement,Use J/(kg °C) for specific heat capacity.,27,21,"[""2P""]",current-specification,source-checked,Codex Astra,agent,false,2026-09-11
4PH1:issue4:5.3,4PH1,4PH1-spec,Issue 4 - September 2024,5.3,,statement,"Calculate density, mass and volume using density = mass/volume.",27,21,"[""1P"", ""2P""]",current-specification,source-checked,Codex Astra,agent,false,2026-09-11
4PH1:issue4:5.4,4PH1,4PH1-spec,Issue 4 - September 2024,5.4,,statement,Investigate density by directly measuring mass and volume.,27,21,"[""1P"", ""2P""]",current-specification,source-checked,Codex Astra,agent,false,2026-09-11
4PH1:issue4:5.5,4PH1,4PH1-spec,Issue 4 - September 2024,5.5,,statement,"Calculate pressure, force and area using p = F/A.",27,21,"[""1P"", ""2P""]",current-specification,source-checked,Codex Astra,agent,false,2026-09-11
4PH1:issue4:5.6,4PH1,4PH1-spec,Issue 4 - September 2024,5.6,,statement,Explain equal pressure in all directions at a point in a stationary fluid.,27,21,"[""1P"", ""2P""]",current-specification,source-checked,Codex Astra,agent,false,2026-09-11
4PH1:issue4:5.7,4PH1,4PH1-spec,Issue 4 - September 2024,5.7,,statement,"Calculate pressure differences using depth, density and gravitational field strength.",27,21,"[""1P"", ""2P""]",current-specification,source-checked,Codex Astra,agent,false,2026-09-11
4PH1:issue4:5.8P,4PH1,4PH1-spec,Issue 4 - September 2024,5.8P,,statement,Explain heating as a change in stored energy that raises temperature or changes state.,28,22,"[""2P""]",current-specification,source-checked,Codex Astra,agent,false,2026-09-11
4PH1:issue4:5.9P,4PH1,4PH1-spec,Issue 4 - September 2024,5.9P,,statement,"Describe melting, evaporation and boiling.",28,22,"[""2P""]",current-specification,source-checked,Codex Astra,agent,false,2026-09-11
4PH1:issue4:5.10P,4PH1,4PH1-spec,Issue 4 - September 2024,5.10P,,statement,"Describe particle arrangement and motion in solids, liquids and gases.",28,22,"[""2P""]",current-specification,source-checked,Codex Astra,agent,false,2026-09-11
4PH1:issue4:5.11P,4PH1,4PH1-spec,Issue 4 - September 2024,5.11P,,statement,Investigate the constant-temperature region of a change-of-state temperature–time graph.,28,22,"[""2P""]",current-specification,source-checked,Codex Astra,agent,false,2026-09-11
4PH1:issue4:5.12P,4PH1,4PH1-spec,Issue 4 - September 2024,5.12P,,statement,Define specific heat capacity per kilogram and degree Celsius.,28,22,"[""2P""]",current-specification,source-checked,Codex Astra,agent,false,2026-09-11
4PH1:issue4:5.13P,4PH1,4PH1-spec,Issue 4 - September 2024,5.13P,,statement,Calculate thermal energy changes using mass × specific heat capacity × temperature change.,28,22,"[""2P""]",current-specification,source-checked,Codex Astra,agent,false,2026-09-11
4PH1:issue4:5.14P,4PH1,4PH1-spec,Issue 4 - September 2024,5.14P,,statement,Investigate specific heat capacity for water and solid materials.,28,22,"[""2P""]",current-specification,source-checked,Codex Astra,agent,false,2026-09-11
4PH1:issue4:5.15,4PH1,4PH1-spec,Issue 4 - September 2024,5.15,,statement,"Explain gas pressure through random molecular motion, wall collisions and force.",28,22,"[""1P"", ""2P""]",current-specification,source-checked,Codex Astra,agent,false,2026-09-11
4PH1:issue4:5.16,4PH1,4PH1-spec,Issue 4 - September 2024,5.16,,statement,Explain the existence of absolute zero at approximately −273 °C.,28,22,"[""1P"", ""2P""]",current-specification,source-checked,Codex Astra,agent,false,2026-09-11
4PH1:issue4:5.17,4PH1,4PH1-spec,Issue 4 - September 2024,5.17,,statement,Describe Kelvin temperature and convert between Kelvin and Celsius.,28,22,"[""1P"", ""2P""]",current-specification,source-checked,Codex Astra,agent,false,2026-09-11
4PH1:issue4:5.18,4PH1,4PH1-spec,Issue 4 - September 2024,5.18,,statement,Relate higher temperature to greater average gas-molecule speed.,28,22,"[""1P"", ""2P""]",current-specification,source-checked,Codex Astra,agent,false,2026-09-11
4PH1:issue4:5.19,4PH1,4PH1-spec,Issue 4 - September 2024,5.19,,statement,Relate average molecular kinetic energy to Kelvin temperature.,28,22,"[""1P"", ""2P""]",current-specification,source-checked,Codex Astra,agent,false,2026-09-11
4PH1:issue4:5.20,4PH1,4PH1-spec,Issue 4 - September 2024,5.20,,statement,Explain pressure–volume at fixed temperature and pressure–Kelvin-temperature at fixed volume for a fixed amount of gas.,28,22,"[""1P"", ""2P""]",current-specification,source-checked,Codex Astra,agent,false,2026-09-11
4PH1:issue4:5.21,4PH1,4PH1-spec,Issue 4 - September 2024,5.21,,statement,Use p₁/T₁ = p₂/T₂ for fixed gas mass and volume.,28,22,"[""1P"", ""2P""]",current-specification,source-checked,Codex Astra,agent,false,2026-09-11
4PH1:issue4:5.22,4PH1,4PH1-spec,Issue 4 - September 2024,5.22,,statement,Use p₁V₁ = p₂V₂ for fixed gas mass and temperature.,28,22,"[""1P"", ""2P""]",current-specification,source-checked,Codex Astra,agent,false,2026-09-11
4PH1:issue4:6.1,4PH1,4PH1-spec,Issue 4 - September 2024,6.1,,statement,"Use amperes, volts and watts.",29,23,"[""1P"", ""2P""]",current-specification,source-checked,Codex Astra,agent,false,2026-09-11
4PH1:issue4:6.2,4PH1,4PH1-spec,Issue 4 - September 2024,6.2,,statement,"Describe magnet attraction, repulsion and attraction of magnetic materials.",29,23,"[""1P"", ""2P""]",current-specification,source-checked,Codex Astra,agent,false,2026-09-11
4PH1:issue4:6.3,4PH1,4PH1-spec,Issue 4 - September 2024,6.3,,statement,Compare magnetically hard and soft materials.,29,23,"[""1P"", ""2P""]",current-specification,source-checked,Codex Astra,agent,false,2026-09-11
4PH1:issue4:6.4,4PH1,4PH1-spec,Issue 4 - September 2024,6.4,,statement,Interpret magnetic field lines.,29,23,"[""1P"", ""2P""]",current-specification,source-checked,Codex Astra,agent,false,2026-09-11
4PH1:issue4:6.5,4PH1,4PH1-spec,Issue 4 - September 2024,6.5,,statement,Describe magnetism induced by an external magnetic field.,29,23,"[""1P"", ""2P""]",current-specification,source-checked,Codex Astra,agent,false,2026-09-11
4PH1:issue4:6.6,4PH1,4PH1-spec,Issue 4 - September 2024,6.6,,statement,Investigate field patterns of a permanent bar magnet and between two bar magnets.,29,23,"[""1P"", ""2P""]",current-specification,source-checked,Codex Astra,agent,false,2026-09-11
4PH1:issue4:6.7,4PH1,4PH1-spec,Issue 4 - September 2024,6.7,,statement,Arrange two permanent magnets to produce a uniform field.,29,23,"[""1P"", ""2P""]",current-specification,source-checked,Codex Astra,agent,false,2026-09-11
4PH1:issue4:6.8,4PH1,4PH1-spec,Issue 4 - September 2024,6.8,,statement,Describe the magnetic field around a current-carrying conductor.,29,23,"[""1P"", ""2P""]",current-specification,source-checked,Codex Astra,agent,false,2026-09-11
4PH1:issue4:6.9P,4PH1,4PH1-spec,Issue 4 - September 2024,6.9P,,statement,Describe electromagnet construction.,29,23,"[""2P""]",current-specification,source-checked,Codex Astra,agent,false,2026-09-11
4PH1:issue4:6.10P,4PH1,4PH1-spec,Issue 4 - September 2024,6.10P,,statement,"Draw current-generated fields for a straight wire, flat circular coil and solenoid.",29,23,"[""2P""]",current-specification,source-checked,Codex Astra,agent,false,2026-09-11
4PH1:issue4:6.11P,4PH1,4PH1-spec,Issue 4 - September 2024,6.11P,,statement,Describe magnetic force on a moving charged particle unless motion is parallel to the field.,29,23,"[""2P""]",current-specification,source-checked,Codex Astra,agent,false,2026-09-11
4PH1:issue4:6.12,4PH1,4PH1-spec,Issue 4 - September 2024,6.12,,statement,Explain the motor effect and its application to d.c. motors and loudspeakers.,29,23,"[""1P"", ""2P""]",current-specification,source-checked,Codex Astra,agent,false,2026-09-11
4PH1:issue4:6.13,4PH1,4PH1-spec,Issue 4 - September 2024,6.13,,statement,Use the left-hand rule for force on a perpendicular current-carrying wire.,29,23,"[""1P"", ""2P""]",current-specification,source-checked,Codex Astra,agent,false,2026-09-11
4PH1:issue4:6.14,4PH1,4PH1-spec,Issue 4 - September 2024,6.14,,statement,Describe how force depends on field/current magnitude and direction.,29,23,"[""1P"", ""2P""]",current-specification,source-checked,Codex Astra,agent,false,2026-09-11
4PH1:issue4:6.15,4PH1,4PH1-spec,Issue 4 - September 2024,6.15,,statement,Explain induced voltage from conductor/coil motion or changing field and factors affecting its size.,30,24,"[""1P"", ""2P""]",current-specification,source-checked,Codex Astra,agent,false,2026-09-11
4PH1:issue4:6.16,4PH1,4PH1-spec,Issue 4 - September 2024,6.16,,statement,Describe rotating-magnet and rotating-coil electricity generation and induced-voltage factors.,30,24,"[""1P"", ""2P""]",current-specification,source-checked,Codex Astra,agent,false,2026-09-11
4PH1:issue4:6.17P,4PH1,4PH1-spec,Issue 4 - September 2024,6.17P,,statement,Describe transformer construction and the effect of winding turns on alternating voltage.,30,24,"[""2P""]",current-specification,source-checked,Codex Astra,agent,false,2026-09-11
4PH1:issue4:6.18P,4PH1,4PH1-spec,Issue 4 - September 2024,6.18P,,statement,Explain step-up and step-down transformer use in generation and transmission.,30,24,"[""2P""]",current-specification,source-checked,Codex Astra,agent,false,2026-09-11
4PH1:issue4:6.19P,4PH1,4PH1-spec,Issue 4 - September 2024,6.19P,,statement,Use the primary/secondary voltage and winding-turns ratio.,30,24,"[""2P""]",current-specification,source-checked,Codex Astra,agent,false,2026-09-11
4PH1:issue4:6.20P,4PH1,4PH1-spec,Issue 4 - September 2024,6.20P,,statement,Use equality of input and output electrical power for an ideal 100%-efficient transformer.,30,24,"[""2P""]",current-specification,source-checked,Codex Astra,agent,false,2026-09-11
4PH1:issue4:7.1,4PH1,4PH1-spec,Issue 4 - September 2024,7.1,,statement,Use becquerels and the specified length and time units.,31,25,"[""1P"", ""2P""]",current-specification,source-checked,Codex Astra,agent,false,2026-09-11
4PH1:issue4:7.2,4PH1,4PH1-spec,Issue 4 - September 2024,7.2,,statement,"Describe protons, neutrons and electrons and interpret nuclear symbols.",31,25,"[""1P"", ""2P""]",current-specification,source-checked,Codex Astra,agent,false,2026-09-11
4PH1:issue4:7.3,4PH1,4PH1-spec,Issue 4 - September 2024,7.3,,statement,"Define proton number, nucleon number and isotope.",31,25,"[""1P"", ""2P""]",current-specification,source-checked,Codex Astra,agent,false,2026-09-11
4PH1:issue4:7.4,4PH1,4PH1-spec,Issue 4 - September 2024,7.4,,statement,"Identify alpha, beta-minus and gamma as randomly emitted ionising nuclear radiations.",31,25,"[""1P"", ""2P""]",current-specification,source-checked,Codex Astra,agent,false,2026-09-11
4PH1:issue4:7.5,4PH1,4PH1-spec,Issue 4 - September 2024,7.5,,statement,"Compare the nature, penetration and ionisation of alpha, beta-minus and gamma.",31,25,"[""1P"", ""2P""]",current-specification,source-checked,Codex Astra,agent,false,2026-09-11
4PH1:issue4:7.6,4PH1,4PH1-spec,Issue 4 - September 2024,7.6,,statement,Investigate radiation penetration using approved sources or simulations.,31,25,"[""1P"", ""2P""]",current-specification,source-checked,Codex Astra,agent,false,2026-09-11
4PH1:issue4:7.7,4PH1,4PH1-spec,Issue 4 - September 2024,7.7,,statement,"Track proton and nucleon numbers after alpha, beta, gamma and neutron emissions.",31,25,"[""1P"", ""2P""]",current-specification,source-checked,Codex Astra,agent,false,2026-09-11
4PH1:issue4:7.8,4PH1,4PH1-spec,Issue 4 - September 2024,7.8,,statement,Balance nuclear equations by mass number and charge.,31,25,"[""1P"", ""2P""]",current-specification,source-checked,Codex Astra,agent,false,2026-09-11
4PH1:issue4:7.9,4PH1,4PH1-spec,Issue 4 - September 2024,7.9,,statement,Describe photographic-film and Geiger–Müller detection.,31,25,"[""1P"", ""2P""]",current-specification,source-checked,Codex Astra,agent,false,2026-09-11
4PH1:issue4:7.10,4PH1,4PH1-spec,Issue 4 - September 2024,7.10,,statement,Explain terrestrial and cosmic background radiation.,31,25,"[""1P"", ""2P""]",current-specification,source-checked,Codex Astra,agent,false,2026-09-11
4PH1:issue4:7.11,4PH1,4PH1-spec,Issue 4 - September 2024,7.11,,statement,Describe decreasing activity and its measurement in becquerels.,31,25,"[""1P"", ""2P""]",current-specification,source-checked,Codex Astra,agent,false,2026-09-11
4PH1:issue4:7.12,4PH1,4PH1-spec,Issue 4 - September 2024,7.12,,statement,Define half-life and recognise differences among isotopes.,31,25,"[""1P"", ""2P""]",current-specification,source-checked,Codex Astra,agent,false,2026-09-11
4PH1:issue4:7.13,4PH1,4PH1-spec,Issue 4 - September 2024,7.13,,statement,"Calculate half-life changes in activity, including graph interpretation.",31,25,"[""1P"", ""2P""]",current-specification,source-checked,Codex Astra,agent,false,2026-09-11
4PH1:issue4:7.14,4PH1,4PH1-spec,Issue 4 - September 2024,7.14,,statement,Describe industrial and medical uses of radioactivity.,31,25,"[""1P"", ""2P""]",current-specification,source-checked,Codex Astra,agent,false,2026-09-11
4PH1:issue4:7.15,4PH1,4PH1-spec,Issue 4 - September 2024,7.15,,statement,Distinguish irradiation from radioactive contamination.,31,25,"[""1P"", ""2P""]",current-specification,source-checked,Codex Astra,agent,false,2026-09-11
4PH1:issue4:7.16,4PH1,4PH1-spec,Issue 4 - September 2024,7.16,,statement,"Explain cell damage, mutations and waste-disposal risks and their reduction.",32,26,"[""1P"", ""2P""]",current-specification,source-checked,Codex Astra,agent,false,2026-09-11
4PH1:issue4:7.17,4PH1,4PH1-spec,Issue 4 - September 2024,7.17,,statement,"Identify fission, fusion and radioactive decay as nuclear energy sources.",32,26,"[""1P"", ""2P""]",current-specification,source-checked,Codex Astra,agent,false,2026-09-11
4PH1:issue4:7.18,4PH1,4PH1-spec,Issue 4 - September 2024,7.18,,statement,Describe neutron-induced U-235 fission and kinetic energy of its products.,32,26,"[""1P"", ""2P""]",current-specification,source-checked,Codex Astra,agent,false,2026-09-11
4PH1:issue4:7.19,4PH1,4PH1-spec,Issue 4 - September 2024,7.19,,statement,Identify two radioactive daughter nuclei and emitted neutrons in U-235 fission.,32,26,"[""1P"", ""2P""]",current-specification,source-checked,Codex Astra,agent,false,2026-09-11
4PH1:issue4:7.20,4PH1,4PH1-spec,Issue 4 - September 2024,7.20,,statement,Explain a chain reaction through successive neutron-induced fissions.,32,26,"[""1P"", ""2P""]",current-specification,source-checked,Codex Astra,agent,false,2026-09-11
4PH1:issue4:7.21,4PH1,4PH1-spec,Issue 4 - September 2024,7.21,,statement,Distinguish control-rod and moderator roles in fission.,32,26,"[""1P"", ""2P""]",current-specification,source-checked,Codex Astra,agent,false,2026-09-11
4PH1:issue4:7.22,4PH1,4PH1-spec,Issue 4 - September 2024,7.22,,statement,Explain shielding around a nuclear reactor.,32,26,"[""1P"", ""2P""]",current-specification,source-checked,Codex Astra,agent,false,2026-09-11
4PH1:issue4:7.23,4PH1,4PH1-spec,Issue 4 - September 2024,7.23,,statement,Distinguish fission from fusion.,32,26,"[""1P"", ""2P""]",current-specification,source-checked,Codex Astra,agent,false,2026-09-11
4PH1:issue4:7.24,4PH1,4PH1-spec,Issue 4 - September 2024,7.24,,statement,Describe fusion of lighter nuclei into larger nuclei with mass loss and energy release.,32,26,"[""1P"", ""2P""]",current-specification,source-checked,Codex Astra,agent,false,2026-09-11
4PH1:issue4:7.25,4PH1,4PH1-spec,Issue 4 - September 2024,7.25,,statement,Identify fusion as the stellar energy source.,32,26,"[""1P"", ""2P""]",current-specification,source-checked,Codex Astra,agent,false,2026-09-11
4PH1:issue4:7.26,4PH1,4PH1-spec,Issue 4 - September 2024,7.26,,statement,Explain the need for high temperature and pressure to overcome electrostatic proton repulsion in fusion.,32,26,"[""1P"", ""2P""]",current-specification,source-checked,Codex Astra,agent,false,2026-09-11
4PH1:issue4:8.1,4PH1,4PH1-spec,Issue 4 - September 2024,8.1,,statement,"Use the specified mass, distance, speed, acceleration, force, time and gravitational-field-strength units.",33,27,"[""1P"", ""2P""]",current-specification,source-checked,Codex Astra,agent,false,2026-09-11
4PH1:issue4:8.2,4PH1,4PH1-spec,Issue 4 - September 2024,8.2,,statement,Describe the universe–galaxy–star hierarchy and locate the Solar System within the Milky Way.,33,27,"[""1P"", ""2P""]",current-specification,source-checked,Codex Astra,agent,false,2026-09-11
4PH1:issue4:8.3,4PH1,4PH1-spec,Issue 4 - September 2024,8.3,,statement,"Explain variation in gravitational field strength between planets, the Moon and Earth.",33,27,"[""1P"", ""2P""]",current-specification,source-checked,Codex Astra,agent,false,2026-09-11
4PH1:issue4:8.4,4PH1,4PH1-spec,Issue 4 - September 2024,8.4,,statement,"Explain gravitational orbital motion for moons, planets, artificial satellites and comets.",33,27,"[""1P"", ""2P""]",current-specification,source-checked,Codex Astra,agent,false,2026-09-11
4PH1:issue4:8.5,4PH1,4PH1-spec,Issue 4 - September 2024,8.5,,statement,"Compare comet, moon and planet orbits.",33,27,"[""1P"", ""2P""]",current-specification,source-checked,Codex Astra,agent,false,2026-09-11
4PH1:issue4:8.6,4PH1,4PH1-spec,Issue 4 - September 2024,8.6,,statement,Calculate circular orbital speed from radius and period.,33,27,"[""1P"", ""2P""]",current-specification,source-checked,Codex Astra,agent,false,2026-09-11
4PH1:issue4:8.7,4PH1,4PH1-spec,Issue 4 - September 2024,8.7,,statement,Classify stars by colour.,34,28,"[""1P"", ""2P""]",current-specification,source-checked,Codex Astra,agent,false,2026-09-11
4PH1:issue4:8.8,4PH1,4PH1-spec,Issue 4 - September 2024,8.8,,statement,Relate stellar colour to surface temperature.,34,28,"[""1P"", ""2P""]",current-specification,source-checked,Codex Astra,agent,false,2026-09-11
4PH1:issue4:8.9,4PH1,4PH1-spec,Issue 4 - September 2024,8.9,,statement,Describe Sun-like stellar evolution from nebula through main sequence and red giant to white dwarf.,34,28,"[""1P"", ""2P""]",current-specification,source-checked,Codex Astra,agent,false,2026-09-11
4PH1:issue4:8.10,4PH1,4PH1-spec,Issue 4 - September 2024,8.10,,statement,Describe the evolution of stars more massive than the Sun.,34,28,"[""1P"", ""2P""]",current-specification,source-checked,Codex Astra,agent,false,2026-09-11
4PH1:issue4:8.11P,4PH1,4PH1-spec,Issue 4 - September 2024,8.11P,,statement,Interpret absolute magnitude as brightness at a standard distance.,34,28,"[""2P""]",current-specification,source-checked,Codex Astra,agent,false,2026-09-11
4PH1:issue4:8.12P,4PH1,4PH1-spec,Issue 4 - September 2024,8.12P,,statement,Draw the principal regions of a Hertzsprung–Russell diagram.,34,28,"[""2P""]",current-specification,source-checked,Codex Astra,agent,false,2026-09-11
4PH1:issue4:8.13P,4PH1,4PH1-spec,Issue 4 - September 2024,8.13P,,statement,Describe past cosmic evolution and arguments for the Big Bang.,34,28,"[""2P""]",current-specification,source-checked,Codex Astra,agent,false,2026-09-11
4PH1:issue4:8.14P,4PH1,4PH1-spec,Issue 4 - September 2024,8.14P,,statement,Explain red-shift and cosmic microwave background as Big Bang evidence.,34,28,"[""2P""]",current-specification,source-checked,Codex Astra,agent,false,2026-09-11
4PH1:issue4:8.15P,4PH1,4PH1-spec,Issue 4 - September 2024,8.15P,,statement,Describe observed frequency and wavelength changes for relative source motion.,34,28,"[""2P""]",current-specification,source-checked,Codex Astra,agent,false,2026-09-11
4PH1:issue4:8.16P,4PH1,4PH1-spec,Issue 4 - September 2024,8.16P,,statement,Use fractional wavelength change = galaxy velocity/speed of light.,34,28,"[""2P""]",current-specification,source-checked,Codex Astra,agent,false,2026-09-11
4PH1:issue4:8.17P,4PH1,4PH1-spec,Issue 4 - September 2024,8.17P,,statement,Describe red-shift trends for galaxies at different distances.,34,28,"[""2P""]",current-specification,source-checked,Codex Astra,agent,false,2026-09-11
4PH1:issue4:8.18P,4PH1,4PH1-spec,Issue 4 - September 2024,8.18P,,statement,Explain why galactic red-shift supports cosmic expansion.,34,28,"[""2P""]",current-specification,source-checked,Codex Astra,agent,false,2026-09-11
4BI1:issue3:1.1,4BI1,4BI1-spec,Issue 3 - September 2024,1.1,,statement,Explain the eight shared life characteristics in context.,17,11,"[""1B"", ""2B""]",current-specification,source-checked,Codex Astra,agent,false,2026-09-20
4BI1:issue3:1.2,4BI1,4BI1-spec,Issue 3 - September 2024,1.2,,statement,"Compare the specified features and examples of plants, animals, fungi and protoctists.",17,11,"[""1B"", ""2B""]",current-specification,source-checked,Codex Astra,agent,false,2026-09-20
4BI1:issue3:1.3,4BI1,4BI1-spec,Issue 3 - September 2024,1.3,,statement,"Describe bacterial organisation, nutrition and named useful/pathogenic examples.",18,12,"[""1B"", ""2B""]",current-specification,source-checked,Codex Astra,agent,false,2026-09-20
4BI1:issue3:1.4,4BI1,4BI1-spec,Issue 3 - September 2024,1.4,,statement,"Define pathogens and describe viral organisation, host dependence and named examples.",18,12,"[""1B"", ""2B""]",current-specification,source-checked,Codex Astra,agent,false,2026-09-20
4HB1:issue2:1.1,4HB1,4HB1-spec,Issue 2 - September 2024,1.1,,statement,Recognise the specified structures in light and TEM images.,17,11,"[""01"", ""02""]",current-specification,source-checked,Codex Astra,agent,false,2026-09-21
4HB1:issue2:1.2,4HB1,4HB1-spec,Issue 2 - September 2024,1.2,,statement,Explain the functions of the six named cell structures.,17,11,"[""01"", ""02""]",current-specification,source-checked,Codex Astra,agent,false,2026-09-21
4HB1:issue2:1.3,4HB1,4HB1-spec,Issue 2 - September 2024,1.3,,statement,"Describe nucleotide strands, complementary bases and hydrogen bonds in DNA.",17,11,"[""01"", ""02""]",current-specification,source-checked,Codex Astra,agent,false,2026-09-21
4HB1:issue2:1.4,4HB1,4HB1-spec,Issue 2 - September 2024,1.4,,statement,Explain template-based replication and the role of DNA polymerase.,17,11,"[""01"", ""02""]",current-specification,source-checked,Codex Astra,agent,false,2026-09-21
4HB1:issue2:1.5,4HB1,4HB1-spec,Issue 2 - September 2024,1.5,,statement,Relate DNA triplets to ordered amino-acid sequences.,17,11,"[""01"", ""02""]",current-specification,source-checked,Codex Astra,agent,false,2026-09-21
4HB1:issue2:1.6,4HB1,4HB1-spec,Issue 2 - September 2024,1.6,,statement,Describe RNA structure and its role in carrying information to ribosomes.,17,11,"[""01"", ""02""]",current-specification,source-checked,Codex Astra,agent,false,2026-09-21
4HB1:issue2:1.7,4HB1,4HB1-spec,Issue 2 - September 2024,1.7,,statement,Explain possible effects of a changed DNA base sequence.,17,11,"[""01"", ""02""]",current-specification,source-checked,Codex Astra,agent,false,2026-09-21
4HB1:issue2:1.8,4HB1,4HB1-spec,Issue 2 - September 2024,1.8,,statement,"Trace transcription, transfer and translation to a polypeptide.",17,11,"[""01"", ""02""]",current-specification,source-checked,Codex Astra,agent,false,2026-09-21
4HB1:issue2:1.9,4HB1,4HB1-spec,Issue 2 - September 2024,1.9,,statement,Outline genetic engineering and the three specified applications.,18,12,"[""01"", ""02""]",current-specification,source-checked,Codex Astra,agent,false,2026-09-21
4HB1:issue2:1.10,4HB1,4HB1-spec,Issue 2 - September 2024,1.10,,statement,"Explain the roles of mitosis in growth, repair, cloning and asexual reproduction.",18,12,"[""01"", ""02""]",current-specification,source-checked,Codex Astra,agent,false,2026-09-21
4HB1:issue2:1.11,4HB1,4HB1-spec,Issue 2 - September 2024,1.11,,statement,Describe the four mitotic stages and identical diploid daughter-cell outcome.,18,12,"[""01"", ""02""]",current-specification,source-checked,Codex Astra,agent,false,2026-09-21
4HB1:issue2:1.12,4HB1,4HB1-spec,Issue 2 - September 2024,1.12,,statement,Compare embryonic and adult stem-cell differentiation potential.,18,12,"[""01"", ""02""]",current-specification,source-checked,Codex Astra,agent,false,2026-09-21
4HB1:issue2:1.13,4HB1,4HB1-spec,Issue 2 - September 2024,1.13,,statement,Evaluate embryonic and adult stem-cell research and use.,18,12,"[""01"", ""02""]",current-specification,source-checked,Codex Astra,agent,false,2026-09-21
4HB1:issue2:1.14,4HB1,4HB1-spec,Issue 2 - September 2024,1.14,,statement,Explain cells-to-tissues-to-organs organisation.,18,12,"[""01"", ""02""]",current-specification,source-checked,Codex Astra,agent,false,2026-09-21
4HB1:issue2:1.15,4HB1,4HB1-spec,Issue 2 - September 2024,1.15,,statement,Describe all named tissues with appropriate light-microscope recognition.,18,12,"[""01"", ""02""]",current-specification,source-checked,Codex Astra,agent,false,2026-09-21
4HB1:issue2:1.16,4HB1,4HB1-spec,Issue 2 - September 2024,1.16,,statement,Relate gamete structures to their roles in reproduction.,18,12,"[""01"", ""02""]",current-specification,source-checked,Codex Astra,agent,false,2026-09-21
4CH1:issue3:1.1,4CH1,4CH1-spec,Issue 3 - September 2024,1.1,,statement,"Describe arrangement, movement and energy in the three states.",17,11,"[""1C"", ""2C""]",current-specification,source-checked,Codex Astra,agent,false,2026-09-21
4CH1:issue3:1.2,4CH1,4CH1-spec,Issue 3 - September 2024,1.2,,statement,Explain state interconversions and particle changes.,17,11,"[""1C"", ""2C""]",current-specification,source-checked,Codex Astra,agent,false,2026-09-21
4CH1:issue3:1.3,4CH1,4CH1-spec,Issue 3 - September 2024,1.3,,statement,Explain dilution and gaseous diffusion observations.,17,11,"[""1C"", ""2C""]",current-specification,source-checked,Codex Astra,agent,false,2026-09-21
4CH1:issue3:1.4,4CH1,4CH1-spec,Issue 3 - September 2024,1.4,,statement,Define the four specified solution terms.,17,11,"[""1C"", ""2C""]",current-specification,source-checked,Codex Astra,agent,false,2026-09-21
4CH1:issue3:1.5C,4CH1,4CH1-spec,Issue 3 - September 2024,1.5C,,statement,Define solubility in grams per 100 grams of solvent.,17,11,"[""2C""]",current-specification,source-checked,Codex Astra,agent,false,2026-09-21
4CH1:issue3:1.6C,4CH1,4CH1-spec,Issue 3 - September 2024,1.6C,,statement,Plot and interpret solubility curves.,17,11,"[""2C""]",current-specification,source-checked,Codex Astra,agent,false,2026-09-21
4CH1:issue3:1.7C,4CH1,4CH1-spec,Issue 3 - September 2024,1.7C,,statement,Investigate solid solubility in water at a specified temperature.,17,11,"[""2C""]",current-specification,source-checked,Codex Astra,agent,false,2026-09-21
4CH1:issue3:1.8,4CH1,4CH1-spec,Issue 3 - September 2024,1.8,,statement,"Classify elements, compounds and mixtures.",18,12,"[""1C"", ""2C""]",current-specification,source-checked,Codex Astra,agent,false,2026-09-21
4CH1:issue3:1.9,4CH1,4CH1-spec,Issue 3 - September 2024,1.9,,statement,Use fixed or ranged melting/boiling behaviour as purity evidence.,18,12,"[""1C"", ""2C""]",current-specification,source-checked,Codex Astra,agent,false,2026-09-21
4CH1:issue3:1.10,4CH1,4CH1-spec,Issue 3 - September 2024,1.10,,statement,Describe the five specified mixture separation techniques.,18,12,"[""1C"", ""2C""]",current-specification,source-checked,Codex Astra,agent,false,2026-09-21
4CH1:issue3:1.11,4CH1,4CH1-spec,Issue 3 - September 2024,1.11,,statement,Interpret composition evidence from a chromatogram.,18,12,"[""1C"", ""2C""]",current-specification,source-checked,Codex Astra,agent,false,2026-09-21
4CH1:issue3:1.12,4CH1,4CH1-spec,Issue 3 - September 2024,1.12,,statement,Calculate and use Rf values to identify mixture components.,18,12,"[""1C"", ""2C""]",current-specification,source-checked,Codex Astra,agent,false,2026-09-21
4CH1:issue3:1.13,4CH1,4CH1-spec,Issue 3 - September 2024,1.13,,statement,Investigate paper chromatography using inks or food colourings.,18,12,"[""1C"", ""2C""]",current-specification,source-checked,Codex Astra,agent,false,2026-09-21
4CH1:issue3:1.14,4CH1,4CH1-spec,Issue 3 - September 2024,1.14,,statement,Define atom and molecule.,18,12,"[""1C"", ""2C""]",current-specification,source-checked,Codex Astra,agent,false,2026-09-21
4CH1:issue3:1.15,4CH1,4CH1-spec,Issue 3 - September 2024,1.15,,statement,"Describe positions, relative masses and charges of the three particles.",18,12,"[""1C"", ""2C""]",current-specification,source-checked,Codex Astra,agent,false,2026-09-21
4CH1:issue3:1.16,4CH1,4CH1-spec,Issue 3 - September 2024,1.16,,statement,"Define atomic number, mass number, isotopes and relative atomic mass.",18,12,"[""1C"", ""2C""]",current-specification,source-checked,Codex Astra,agent,false,2026-09-21
4CH1:issue3:1.17,4CH1,4CH1-spec,Issue 3 - September 2024,1.17,,statement,Calculate relative atomic mass from isotope abundances.,18,12,"[""1C"", ""2C""]",current-specification,source-checked,Codex Astra,agent,false,2026-09-21
4CH1:issue3:1.18,4CH1,4CH1-spec,Issue 3 - September 2024,1.18,,statement,"Describe atomic-number ordering, groups and periods.",18,12,"[""1C"", ""2C""]",current-specification,source-checked,Codex Astra,agent,false,2026-09-21
4CH1:issue3:1.19,4CH1,4CH1-spec,Issue 3 - September 2024,1.19,,statement,Deduce configurations of the first 20 elements.,18,12,"[""1C"", ""2C""]",current-specification,source-checked,Codex Astra,agent,false,2026-09-21
4CH1:issue3:1.20,4CH1,4CH1-spec,Issue 3 - September 2024,1.20,,statement,Use conduction and oxide acid-base behaviour in classification.,18,12,"[""1C"", ""2C""]",current-specification,source-checked,Codex Astra,agent,false,2026-09-21
4CH1:issue3:1.21,4CH1,4CH1-spec,Issue 3 - September 2024,1.21,,statement,Use Periodic Table position to distinguish metals and non-metals.,18,12,"[""1C"", ""2C""]",current-specification,source-checked,Codex Astra,agent,false,2026-09-21
4CH1:issue3:1.22,4CH1,4CH1-spec,Issue 3 - September 2024,1.22,,statement,Relate main-group electronic configurations to positions.,18,12,"[""1C"", ""2C""]",current-specification,source-checked,Codex Astra,agent,false,2026-09-21
4MB1:issue1:1A,4MB1,4MB1-spec,Issue 1 - January 2016,1A,,statement,Use the four number operations and brackets.,17,11,"[""01"", ""02""]",current-specification,source-checked,Codex Astra,agent,false,2026-09-21
4MB1:issue1:1B,4MB1,4MB1-spec,Issue 1 - January 2016,1B,,statement,"Use primes, factors and multiples including HCF/LCM.",17,11,"[""01"", ""02""]",current-specification,source-checked,Codex Astra,agent,false,2026-09-21
4MB1:issue1:1C,4MB1,4MB1-spec,Issue 1 - January 2016,1C,,statement,"Use indices, powers and roots.",17,11,"[""01"", ""02""]",current-specification,source-checked,Codex Astra,agent,false,2026-09-21
4MB1:issue1:1D,4MB1,4MB1-spec,Issue 1 - January 2016,1D,,statement,Manipulate simple surds and preserve exact answers.,17,11,"[""01"", ""02""]",current-specification,source-checked,Codex Astra,agent,false,2026-09-21
4MB1:issue1:1E,4MB1,4MB1-spec,Issue 1 - January 2016,1E,,statement,Rationalise denominators.,17,11,"[""01"", ""02""]",current-specification,source-checked,Codex Astra,agent,false,2026-09-21
4MB1:issue1:1F,4MB1,4MB1-spec,Issue 1 - January 2016,1F,,statement,"Recognise natural, integer, rational and irrational sets.",17,11,"[""01"", ""02""]",current-specification,source-checked,Codex Astra,agent,false,2026-09-21
4MB1:issue1:1G,4MB1,4MB1-spec,Issue 1 - January 2016,1G,,statement,Calculate using standard measures and supplied currency rates.,17,11,"[""01"", ""02""]",current-specification,source-checked,Codex Astra,agent,false,2026-09-21
4MB1:issue1:1H,4MB1,4MB1-spec,Issue 1 - January 2016,1H,,statement,"Use fractions, decimals, ratios, proportion and percentages.",18,12,"[""01"", ""02""]",current-specification,source-checked,Codex Astra,agent,false,2026-09-21
4MB1:issue1:1I,4MB1,4MB1-spec,Issue 1 - January 2016,1I,,statement,Round to a given degree of accuracy.,18,12,"[""01"", ""02""]",current-specification,source-checked,Codex Astra,agent,false,2026-09-21
4MB1:issue1:1J,4MB1,4MB1-spec,Issue 1 - January 2016,1J,,statement,Solve problems using measurement bounds.,18,12,"[""01"", ""02""]",current-specification,source-checked,Codex Astra,agent,false,2026-09-21
4MB1:issue1:1K,4MB1,4MB1-spec,Issue 1 - January 2016,1K,,statement,Use standard form in calculations and contexts.,18,12,"[""01"", ""02""]",current-specification,source-checked,Codex Astra,agent,false,2026-09-21
4MB1:issue1:2A,4MB1,4MB1-spec,Issue 1 - January 2016,2A,,statement,Define sets and identify their distinct members.,19,13,"[""01"", ""02""]",current-specification,source-checked,Codex,agent,false,2026-09-29
4MB1:issue1:2B,4MB1,4MB1-spec,Issue 1 - January 2016,2B,,statement,Use set language in abstract and practical situations.,19,13,"[""01"", ""02""]",current-specification,source-checked,Codex,agent,false,2026-09-29
4MB1:issue1:2C,4MB1,4MB1-spec,Issue 1 - January 2016,2C,,statement,"Form unions and intersections, including rule-defined sets.",19,13,"[""01"", ""02""]",current-specification,source-checked,Codex,agent,false,2026-09-29
4MB1:issue1:2D,4MB1,4MB1-spec,Issue 1 - January 2016,2D,,statement,Count elements using set-size notation.,19,13,"[""01"", ""02""]",current-specification,source-checked,Codex,agent,false,2026-09-29
4MB1:issue1:2E,4MB1,4MB1-spec,Issue 1 - January 2016,2E,,statement,Find complements within a stated universe.,19,13,"[""01"", ""02""]",current-specification,source-checked,Codex,agent,false,2026-09-29
4MB1:issue1:2F,4MB1,4MB1-spec,Issue 1 - January 2016,2F,,statement,Recognise and use subset relationships.,19,13,"[""01"", ""02""]",current-specification,source-checked,Codex,agent,false,2026-09-29
4MB1:issue1:2G,4MB1,4MB1-spec,Issue 1 - January 2016,2G,,statement,Identify the universal and empty sets.,19,13,"[""01"", ""02""]",current-specification,source-checked,Codex,agent,false,2026-09-29
4MB1:issue1:2H,4MB1,4MB1-spec,Issue 1 - January 2016,2H,,statement,Use Venn diagrams for simple logical problems.,19,13,"[""01"", ""02""]",current-specification,source-checked,Codex,agent,false,2026-09-29
4MB1:issue1:2I,4MB1,4MB1-spec,Issue 1 - January 2016,2I,,statement,Represent set relationships with symbols.,19,13,"[""01"", ""02""]",current-specification,source-checked,Codex,agent,false,2026-09-29
4MB1:issue1:3A,4MB1,4MB1-spec,Issue 1 - January 2016,3A,,statement,Simplify algebraic expressions using operations and integer or fractional index rules.,20,14,"[""01"",""02""]",current-specification,source-checked,Codex,agent,false,2026-09-29
4MB1:issue1:3B,4MB1,4MB1-spec,Issue 1 - January 2016,3B,,statement,"Construct, interpret, substitute into and rearrange formulae.",20,14,"[""01"",""02""]",current-specification,source-checked,Codex,agent,false,2026-09-29
4MB1:issue1:3C,4MB1,4MB1-spec,Issue 1 - January 2016,3C,,statement,Factorise simple algebraic expressions.,20,14,"[""01"",""02""]",current-specification,source-checked,Codex,agent,false,2026-09-29
4MB1:issue1:3D,4MB1,4MB1-spec,Issue 1 - January 2016,3D,,statement,"Apply the factor theorem to polynomials, including cubics and general linear factors.",20,14,"[""01"",""02""]",current-specification,source-checked,Codex,agent,false,2026-09-30
4MB1:issue1:3E,4MB1,4MB1-spec,Issue 1 - January 2016,3E,,statement,Divide a cubic polynomial by a linear factor.,20,14,"[""01"",""02""]",current-specification,source-checked,Codex,agent,false,2026-09-30
4MB1:issue1:3F,4MB1,4MB1-spec,Issue 1 - January 2016,3F,,statement,"Add, subtract, multiply and divide simple algebraic fractions with numerical, linear or quadratic denominators.",20,14,"[""01"",""02""]",current-specification,source-checked,Codex,agent,false,2026-09-30
4MB1:issue1:3G,4MB1,4MB1-spec,Issue 1 - January 2016,3G,,statement,"Solve linear, quadratic and cubic equations in one unknown, including algebraic/graphical quadratic methods and problems leading to equations.",20,14,"[""01"",""02""]",current-specification,source-checked,Codex,agent,false,2026-10-01
4MB1:issue1:3H,4MB1,4MB1-spec,Issue 1 - January 2016,3H,,statement,"Solve simultaneous linear equations in two unknowns, including graphical solutions.",20,14,"[""01"",""02""]",current-specification,source-checked,Codex,agent,false,2026-10-01
4MB1:issue1:3I,4MB1,4MB1-spec,Issue 1 - January 2016,3I,,statement,Solve simultaneous equations where one equation is linear and the other quadratic.,20,14,"[""01"",""02""]",current-specification,source-checked,Codex,agent,false,2026-10-01
4MB1:issue1:3J,4MB1,4MB1-spec,Issue 1 - January 2016,3J,,statement,"Solve linear inequalities and represent their solutions on number lines and in two-dimensional space, including simultaneous regions.",20,14,"[""01"",""02""]",current-specification,source-checked,Codex,agent,false,2026-10-01
4MB1:issue1:3K,4MB1,4MB1-spec,Issue 1 - January 2016,3K,,statement,Solve quadratic inequalities in one unknown and represent the solution set on a number line.,20,14,"[""01"",""02""]",current-specification,source-checked,Codex,agent,false,2026-10-01
4MB1:issue1:3L,4MB1,4MB1-spec,Issue 1 - January 2016,3L,,statement,Recognise and continue sequences with common differences and common integer patterns.,20,14,"[""01"",""02""]",current-specification,source-checked,Codex,agent,false,2026-10-01
4MB1:issue1:4G,4MB1,4MB1-spec,Issue 1 - January 2016,4G,,statement,"Direct and inverse variation only in the explicitly listed x, x², x³, √x and reciprocal forms; historical Q19 inverse cube-root applicability remains unresolved.",21,15,"[""01"",""02""]",current-specification,source-checked,Codex,agent,false,2026-10-04
4MB1:issue1:6C,4MB1,4MB1-spec,Issue 1 - January 2016,6C,,statement,"Angle properties of parallel lines, triangles and polygons, including regular polygons, straight-line and full-turn angles.",24,18,"[""01"",""02""]",current-specification,source-checked,Codex,agent,false,2026-10-04
4MB1:issue1:10B,4MB1,4MB1-spec,Issue 1 - January 2016,10B,,statement,"Determine mean, median and mode for discrete data.",28,22,"[""01"",""02""]",current-specification,source-checked,Codex,agent,false,2026-10-04
4MB1:issue1:4I,4MB1,4MB1-spec,Issue 1 - January 2016,4I,,statement,"Relate a straight-line equation y = mx + c to its gradient and y-axis intercept (0,c).",21,15,"[""01"",""02""]",current-specification,source-checked,Codex,agent,false,2026-10-04
4MB1:issue1:5B,4MB1,4MB1-spec,Issue 1 - January 2016,5B,,statement,Add and multiply matrices; row-by-column multiplication of order at most 3 × 3.,23,17,"[""01"",""02""]",current-specification,source-checked,Codex,agent,false,2026-10-04
4MB1:issue1:5C,4MB1,4MB1-spec,Issue 1 - January 2016,5C,,statement,Multiply a matrix by a scalar.,23,17,"[""01"",""02""]",current-specification,source-checked,Codex,agent,false,2026-10-04
4MB1:issue1:6F,4MB1,4MB1-spec,Issue 1 - January 2016,6F,,statement,"Use Pythagoras in two and three dimensions, including constructed or given altitudes; angle-bisector theorems excluded.",24,18,"[""01"",""02""]",current-specification,source-checked,Codex,agent,false,2026-10-04
4MB1:issue1:7B,4MB1,4MB1-spec,Issue 1 - January 2016,7B,,statement,"Calculate areas of rectangles, parallelograms, trapezia, triangles and circles, including shapes decomposed into these.",25,19,"[""01"",""02""]",current-specification,source-checked,Codex,agent,false,2026-10-04
4MB1:issue1:6J,4MB1,4MB1-spec,Issue 1 - January 2016,6J,,statement,"Use SSS, SAS, ASA and RHS conditions to prove two triangles congruent.",24,18,"[""01"",""02""]",current-specification,source-checked,Codex,agent,false,2026-10-04
4MB1:issue1:9A,4MB1,4MB1-spec,Issue 1 - January 2016,9A,,statement,"Use sine, cosine and tangent for angles up to 180°, measured in degrees and decimals of degrees.",27,21,"[""01"",""02""]",current-specification,source-checked,Codex,agent,false,2026-10-04
4MB1:issue1:9C,4MB1,4MB1-spec,Issue 1 - January 2016,9C,,statement,Use angles of elevation and depression in degrees and decimals of degrees.,27,21,"[""01"",""02""]",current-specification,source-checked,Codex,agent,false,2026-10-04
4MB1:issue1:5E,4MB1,4MB1-spec,Issue 1 - January 2016,5E,,statement,Determine determinants and inverses of non-singular 2×2 matrices; knowledge of singular matrices is not required.,23,17,"[""01"",""02""]",current-specification,source-checked,Codex,agent,false,2026-10-04
4MB1:issue1:6K,4MB1,4MB1-spec,Issue 1 - January 2016,6K,,statement,"Use chord, angle and tangent properties of circles, including internal and external intersecting chords and the alternate segment theorem.",24,18,"[""01"",""02""]",current-specification,source-checked,Codex,agent,false,2026-10-04
4MB1:issue1:10C,4MB1,4MB1-spec,Issue 1 - January 2016,10C,,statement,Estimate a mean from grouped frequencies; separate weighted and moving mean questions will not be set.,28,22,"[""01"",""02""]",current-specification,source-checked,Codex,agent,false,2026-10-04
4MB1:issue1:10D,4MB1,4MB1-spec,Issue 1 - January 2016,10D,,statement,Determine a modal class and the class containing the median in grouped data.,28,22,"[""01"",""02""]",current-specification,source-checked,Codex,agent,false,2026-10-04
4MB1:issue1:10E,4MB1,4MB1-spec,Issue 1 - January 2016,10E,,statement,"Use basic probability language, scales, sample spaces, relative frequency, probabilities and complements.",28,22,"[""01"",""02""]",current-specification,source-checked,Codex,agent,false,2026-10-04
4MB1:issue1:6G,4MB1,4MB1-spec,Issue 1 - January 2016,6G,,statement,Relate length scale factors to area and volume factors for similar figures.,24,18,"[""01"",""02""]",current-specification,source-checked,Codex,agent,false,2026-10-04
4MB1:issue1:7D,4MB1,4MB1-spec,Issue 1 - January 2016,7D,,statement,Calculate arc lengths and sector areas in degrees; radians excluded.,25,19,"[""01"",""02""]",current-specification,source-checked,Codex,agent,false,2026-10-04
4MB1:issue1:8D,4MB1,4MB1-spec,Issue 1 - January 2016,8D,,statement,"Use parallel vectors, unit vectors and position vectors in two dimensions.",26,20,"[""01"",""02""]",current-specification,source-checked,Codex,agent,false,2026-10-04
4MB1:issue1:8E,4MB1,4MB1-spec,Issue 1 - January 2016,8E,,statement,Find sums and differences of vectors.,26,20,"[""01"",""02""]",current-specification,source-checked,Codex,agent,false,2026-10-04
4MB1:issue1:8G,4MB1,4MB1-spec,Issue 1 - January 2016,8G,,statement,Multiply a vector by a scalar.,26,20,"[""01"",""02""]",current-specification,source-checked,Codex,agent,false,2026-10-04
4MB1:issue1:8I,4MB1,4MB1-spec,Issue 1 - January 2016,8I,,statement,"Apply vectors to simple geometry, including collinearity, parallel lines and concurrency.",26,20,"[""01"",""02""]",current-specification,source-checked,Codex,agent,false,2026-10-04
4MB1:issue1:4L,4MB1,4MB1-spec,Issue 1 - January 2016,4L,,statement,Differentiate integer powers of x using dy/dx notation.,22,16,"[""01"",""02""]",current-specification,source-checked,Codex,agent,false,2026-10-04
4MB1:issue1:4M,4MB1,4MB1-spec,Issue 1 - January 2016,4M,,statement,"Determine gradients, rates of change, stationary points, maxima, minima and turning points with graph interpretation.",22,16,"[""01"",""02""]",current-specification,source-checked,Codex,agent,false,2026-10-04
4MB1:issue1:10A,4MB1,4MB1-spec,Issue 1 - January 2016,10A,,statement,"Represent numerical data with bar charts, pie charts and histograms; cumulative frequency graphs excluded.",28,22,"[""01"",""02""]",current-specification,source-checked,Codex,agent,false,2026-10-04
4MB1:issue1:10F,4MB1,4MB1-spec,Issue 1 - January 2016,10F,,statement,Add probabilities of mutually exclusive events.,28,22,"[""01"",""02""]",current-specification,source-checked,Codex,agent,false,2026-10-04
4MB1:issue1:10G,4MB1,4MB1-spec,Issue 1 - January 2016,10G,,statement,Multiply probabilities of independent events.,28,22,"[""01"",""02""]",current-specification,source-checked,Codex,agent,false,2026-10-04
4MB1:issue1:10H,4MB1,4MB1-spec,Issue 1 - January 2016,10H,,statement,Determine probabilities of two or more independent events using tree diagrams.,28,22,"[""01"",""02""]",current-specification,source-checked,Codex,agent,false,2026-10-04
4MB1:issue1:10I,4MB1,4MB1-spec,Issue 1 - January 2016,10I,,statement,Use simple conditional probability for combined events.,28,22,"[""01"",""02""]",current-specification,source-checked,Codex,agent,false,2026-10-04
4MB1:issue1:10J,4MB1,4MB1-spec,Issue 1 - January 2016,10J,,statement,Find very simple conditional probability; formal conditional notation is not used.,28,22,"[""01"",""02""]",current-specification,source-checked,Codex,agent,false,2026-10-04
4MB1:issue1:10K,4MB1,4MB1-spec,Issue 1 - January 2016,10K,,statement,Understand and calculate expected frequency.,28,22,"[""01"",""02""]",current-specification,source-checked,Codex,agent,false,2026-10-04
4MB1:issue1:4A,4MB1,4MB1-spec,Issue 1 - January 2016,4A,,statement,The idea of a function of a variable.,21,15,"[""01"",""02""]",current-specification,source-checked,Codex,agent,false,2026-10-04
4MB1:issue1:4B,4MB1,4MB1-spec,Issue 1 - January 2016,4B,,statement,Functions as mappings or correspondences between elements of two sets.,21,15,"[""01"",""02""]",current-specification,source-checked,Codex,agent,false,2026-10-04
4MB1:issue1:4C,4MB1,4MB1-spec,Issue 1 - January 2016,4C,,statement,Use f(x) and mapping-arrow functional notation.,21,15,"[""01"",""02""]",current-specification,source-checked,Codex,agent,false,2026-10-04
4MB1:issue1:4D,4MB1,4MB1-spec,Issue 1 - January 2016,4D,,statement,"Domain and range, including excluded inputs; continuity questions excluded.",21,15,"[""01"",""02""]",current-specification,source-checked,Codex,agent,false,2026-10-04
4MB1:issue1:4E,4MB1,4MB1-spec,Issue 1 - January 2016,4E,,statement,"Composite functions, with fg meaning apply g then f.",21,15,"[""01"",""02""]",current-specification,source-checked,Codex,agent,false,2026-10-04
4MB1:issue1:4F,4MB1,4MB1-spec,Issue 1 - January 2016,4F,,statement,Find inverse functions.,21,15,"[""01"",""02""]",current-specification,source-checked,Codex,agent,false,2026-10-04
4MB1:issue1:4J,4MB1,4MB1-spec,Issue 1 - January 2016,4J,,statement,Draw and interpret numerical cubic/quadratic/linear/constant/reciprocal combinations with at least three of six coefficients zero; solve by graph intersections.,21,15,"[""01"",""02""]",current-specification,source-checked,Codex,agent,false,2026-10-04
4MB1:issue1:4K,4MB1,4MB1-spec,Issue 1 - January 2016,4K,,statement,Estimate gradients by a drawn tangent and an appropriate right-angled gradient triangle.,21,15,"[""01"",""02""]",current-specification,source-checked,Codex,agent,false,2026-10-04
4MB1:issue1:4N,4MB1,4MB1-spec,Issue 1 - January 2016,4N,,statement,Apply functions to linear kinematics and simple practical problems; interpret distance/speed-time graphs and displacement/velocity/acceleration relationships.,22,16,"[""01"",""02""]",current-specification,source-checked,Codex,agent,false,2026-10-04
4CH1:issue3:1.37,4CH1,4CH1-spec,Issue 3,1.37,,statement,Ion formation by electron loss or gain.,20,14,"[""1C"",""2C""]",current-specification,source-checked,Codex source/logic review,agent,false,2026-10-04
4CH1:issue3:1.38,4CH1,4CH1-spec,Issue 3,1.38,,statement,Specified monatomic and polyatomic ion charges.,20,14,"[""1C"",""2C""]",current-specification,source-checked,Codex source/logic review,agent,false,2026-10-04
4CH1:issue3:1.39,4CH1,4CH1-spec,Issue 3,1.39,,statement,Formulae from the specified ion charges.,20,14,"[""1C"",""2C""]",current-specification,source-checked,Codex source/logic review,agent,false,2026-10-04
4CH1:issue3:1.40,4CH1,4CH1-spec,Issue 3,1.40,,statement,Outer-electron ionic formation diagrams for the specified groups.,20,14,"[""1C"",""2C""]",current-specification,source-checked,Codex source/logic review,agent,false,2026-10-04
4CH1:issue3:1.41,4CH1,4CH1-spec,Issue 3,1.41,,statement,Ionic bonding as electrostatic attraction.,20,14,"[""1C"",""2C""]",current-specification,source-checked,Codex source/logic review,agent,false,2026-10-04
4CH1:issue3:1.42,4CH1,4CH1-spec,Issue 3,1.42,,statement,High melting and boiling points of giant ionic lattices.,20,14,"[""1C"",""2C""]",current-specification,source-checked,Codex source/logic review,agent,false,2026-10-04
4CH1:issue3:1.43,4CH1,4CH1-spec,Issue 3,1.43,,statement,"Ionic conductivity in solid, molten and aqueous states.",20,14,"[""1C"",""2C""]",current-specification,source-checked,Codex source/logic review,agent,false,2026-10-04
4CH1:issue3:1.44,4CH1,4CH1-spec,Issue 3,1.44,,statement,Covalent bond as a shared electron pair.,20,14,"[""1C"",""2C""]",current-specification,source-checked,Codex source/logic review,agent,false,2026-10-04
4CH1:issue3:1.45,4CH1,4CH1-spec,Issue 3,1.45,,statement,Covalent bonding as electrostatic attraction.,20,14,"[""1C"",""2C""]",current-specification,source-checked,Codex source/logic review,agent,false,2026-10-04
4CH1:issue3:1.46,4CH1,4CH1-spec,Issue 3,1.46,,statement,"Specified diatomic, inorganic and up-to-two-carbon covalent diagrams.",20,14,"[""1C"",""2C""]",current-specification,source-checked,Codex source/logic review,agent,false,2026-10-04
4CH1:issue3:1.47,4CH1,4CH1-spec,Issue 3,1.47,,statement,Simple molecular structure and low melting/boiling points.,20,14,"[""1C"",""2C""]",current-specification,source-checked,Codex source/logic review,agent,false,2026-10-04
4CH1:issue3:1.48,4CH1,4CH1-spec,Issue 3,1.48,,statement,General relative-mass trend in simple molecular substances.,20,14,"[""1C"",""2C""]",current-specification,source-checked,Codex source/logic review,agent,false,2026-10-04
4CH1:issue3:1.49,4CH1,4CH1-spec,Issue 3,1.49,,statement,Giant covalent structures and high thermal-change temperatures.,20,14,"[""1C"",""2C""]",current-specification,source-checked,Codex source/logic review,agent,false,2026-10-04
4CH1:issue3:1.50,4CH1,4CH1-spec,Issue 3,1.50,,statement,Carbon structures explain conductivity and hardness.,20,14,"[""1C"",""2C""]",current-specification,source-checked,Codex source/logic review,agent,false,2026-10-04
4CH1:issue3:1.51,4CH1,4CH1-spec,Issue 3,1.51,,statement,Covalent compounds usually do not conduct electricity.,20,14,"[""1C"",""2C""]",current-specification,source-checked,Codex source/logic review,agent,false,2026-10-04
4CH1:issue3:1.52C,4CH1,4CH1-spec,Issue 3,1.52C,,statement,Represent a metallic lattice with a two-dimensional diagram.,21,15,"[""2C""]",current-specification,source-checked,Codex source/logic review,agent,false,2026-10-04
4CH1:issue3:1.53C,4CH1,4CH1-spec,Issue 3,1.53C,,statement,Metallic bonding as electrostatic attraction.,21,15,"[""2C""]",current-specification,source-checked,Codex source/logic review,agent,false,2026-10-04
4CH1:issue3:1.54C,4CH1,4CH1-spec,Issue 3,1.54C,,statement,Metal properties including conduction and malleability.,21,15,"[""2C""]",current-specification,source-checked,Codex source/logic review,agent,false,2026-10-04
4BI1:issue3:2.1,4BI1,4BI1-spec,Issue 3 - September 2024,2.1,,statement,"Levels from organelles to cells, tissues, organs and systems.",19,13,"[""1B"",""2B""]",current-specification,source-checked,Codex source/logic review,agent,false,2026-10-05
4BI1:issue3:2.2,4BI1,4BI1-spec,Issue 3 - September 2024,2.2,,statement,Structure of eight named cell features.,19,13,"[""1B"",""2B""]",current-specification,source-checked,Codex source/logic review,agent,false,2026-10-05
4BI1:issue3:2.3,4BI1,4BI1-spec,Issue 3 - September 2024,2.3,,statement,Functions of eight named cell features.,19,13,"[""1B"",""2B""]",current-specification,source-checked,Codex source/logic review,agent,false,2026-10-05
4BI1:issue3:2.4,4BI1,4BI1-spec,Issue 3 - September 2024,2.4,,statement,Plant/animal similarities and differences.,19,13,"[""1B"",""2B""]",current-specification,source-checked,Codex source/logic review,agent,false,2026-10-05
4BI1:issue3:2.5B,4BI1,4BI1-spec,Issue 3 - September 2024,2.5B,,statement,Importance of differentiation in specialised-cell development.,19,13,"[""2B""]",current-specification,source-checked,Codex source/logic review,agent,false,2026-10-05
4BI1:issue3:2.6B,4BI1,4BI1-spec,Issue 3 - September 2024,2.6B,,statement,Benefits and disadvantages of medical stem-cell uses.,19,13,"[""2B""]",current-specification,source-checked,Codex source/logic review,agent,false,2026-10-05
4BI1:issue3:2.7,4BI1,4BI1-spec,Issue 3 - September 2024,2.7,,statement,Chemical elements of the three molecule classes.,20,14,"[""1B"",""2B""]",current-specification,source-checked,Codex source/logic review,agent,false,2026-10-05
4BI1:issue3:2.8,4BI1,4BI1-spec,Issue 3 - September 2024,2.8,,statement,Large food molecules from smaller units.,20,14,"[""1B"",""2B""]",current-specification,source-checked,Codex source/logic review,agent,false,2026-10-05
4BI1:issue3:2.9,4BI1,4BI1-spec,Issue 3 - September 2024,2.9,,statement,"Investigate glucose, starch, protein and fat in food.",20,14,"[""1B"",""2B""]",current-specification,source-checked,Codex source/logic review,agent,false,2026-10-05
4BI1:issue3:2.10,4BI1,4BI1-spec,Issue 3 - September 2024,2.10,,statement,Enzymes as biological catalysts in metabolism.,20,14,"[""1B"",""2B""]",current-specification,source-checked,Codex source/logic review,agent,false,2026-10-05
4BI1:issue3:2.11,4BI1,4BI1-spec,Issue 3 - September 2024,2.11,,statement,Temperature changes enzyme activity and active-site shape.,20,14,"[""1B"",""2B""]",current-specification,source-checked,Codex source/logic review,agent,false,2026-10-05
4BI1:issue3:2.12,4BI1,4BI1-spec,Issue 3 - September 2024,2.12,,statement,Investigate temperature and enzyme activity.,20,14,"[""1B"",""2B""]",current-specification,source-checked,Codex source/logic review,agent,false,2026-10-05
4BI1:issue3:2.13,4BI1,4BI1-spec,Issue 3 - September 2024,2.13,,statement,pH effects on active-site function.,20,14,"[""1B"",""2B""]",current-specification,source-checked,Codex source/logic review,agent,false,2026-10-05
4BI1:issue3:2.14B,4BI1,4BI1-spec,Issue 3 - September 2024,2.14B,,statement,Investigate pH and enzyme activity.,20,14,"[""2B""]",current-specification,source-checked,Codex source/logic review,agent,false,2026-10-05
4HB1:issue2:2.1,4HB1,4HB1-spec,Issue 2,2.1,,statement,"Elements in carbohydrates, proteins and lipids.",18,12,"[""01"",""02""]",current-specification,source-checked,Codex source/logic review,agent,false,2026-10-04
4HB1:issue2:2.2,4HB1,4HB1-spec,Issue 2,2.2,,statement,"Smaller units forming starch, glycogen, proteins and lipids.",18,12,"[""01"",""02""]",current-specification,source-checked,Codex source/logic review,agent,false,2026-10-04
4HB1:issue2:2.3,4HB1,4HB1-spec,Issue 2,2.3,,statement,"Food tests for glucose, starch, lipid and protein.",18,12,"[""01"",""02""]",current-specification,source-checked,Codex source/logic review,agent,false,2026-10-04
4HB1:issue2:2.4,4HB1,4HB1-spec,Issue 2,2.4,,statement,Qualitative and quantitative vitamin C investigation.,18,12,"[""01"",""02""]",current-specification,source-checked,Codex source/logic review,agent,false,2026-10-04
4HB1:issue2:2.5,4HB1,4HB1-spec,Issue 2,2.5,,statement,Food-energy investigation.,18,12,"[""01"",""02""]",current-specification,source-checked,Codex source/logic review,agent,false,2026-10-04
4HB1:issue2:2.6,4HB1,4HB1-spec,Issue 2,2.6,,statement,Enzymes as biological catalysts in metabolism.,18,12,"[""01"",""02""]",current-specification,source-checked,Codex source/logic review,agent,false,2026-10-04
4HB1:issue2:2.7,4HB1,4HB1-spec,Issue 2,2.7,,statement,Enzyme action and activity factors.,18,12,"[""01"",""02""]",current-specification,source-checked,Codex source/logic review,agent,false,2026-10-04
4HB1:issue2:2.8,4HB1,4HB1-spec,Issue 2,2.8,,statement,Investigate temperature and pH effects on enzyme activity.,19,13,"[""01"",""02""]",current-specification,source-checked,Codex source/logic review,agent,false,2026-10-04
4HB1:issue2:2.9,4HB1,4HB1-spec,Issue 2,2.9,,statement,Advantages of immobilised enzymes in the three named uses.,19,13,"[""01"",""02""]",current-specification,source-checked,Codex source/logic review,agent,false,2026-10-04
4HB1:issue2:2.10,4HB1,4HB1-spec,Issue 2,2.10,,statement,Investigate immobilised enzymes and prepare alginate beads.,19,13,"[""01"",""02""]",current-specification,source-checked,Codex source/logic review,agent,false,2026-10-04
4BI1:issue3:2.15,4BI1,4BI1-spec,Issue 3 - September 2024,2.15,,statement,"Diffusion, osmosis and active transport across cell boundaries.",20,14,"[""1B"",""2B""]",current-specification,source-checked,Codex source/logic review,agent,false,2026-10-05
4BI1:issue3:2.16,4BI1,4BI1-spec,Issue 3 - September 2024,2.16,,statement,"Transport-rate factors including surface area per volume, distance, temperature and concentration gradient.",20,14,"[""1B"",""2B""]",current-specification,source-checked,Codex source/logic review,agent,false,2026-10-05
4BI1:issue3:2.17,4BI1,4BI1-spec,Issue 3 - September 2024,2.17,,statement,Practical investigations of diffusion and osmosis using living and non-living systems.,20,14,"[""1B"",""2B""]",current-specification,source-checked,Codex source/logic review,agent,false,2026-10-05
4CH1:issue3:1.23,4CH1,4CH1-spec,Issue 3,1.23,,statement,Main-group electron patterns and related chemical behaviour.,19,13,"[""1C"",""2C""]",current-specification,source-checked,Codex source/logic review,agent,false,2026-10-05
4CH1:issue3:1.24,4CH1,4CH1-spec,Issue 3,1.24,,statement,Filled outer shells and low noble-gas reactivity.,19,13,"[""1C"",""2C""]",current-specification,source-checked,Codex source/logic review,agent,false,2026-10-05
4CH1:issue3:1.25,4CH1,4CH1-spec,Issue 3,1.25,,statement,Translate reaction information into atom-balanced equations and state symbols.,19,13,"[""1C"",""2C""]",current-specification,source-checked,Codex source/logic review,agent,false,2026-10-05
4CH1:issue3:1.26,4CH1,4CH1-spec,Issue 3,1.26,,statement,Add atom-mass contributions for molecular and other formulae.,19,13,"[""1C"",""2C""]",current-specification,source-checked,Codex source/logic review,agent,false,2026-10-05
4CH1:issue3:1.27,4CH1,4CH1-spec,Issue 3,1.27,,statement,Use mol to express amount of specified entities.,19,13,"[""1C"",""2C""]",current-specification,source-checked,Codex source/logic review,agent,false,2026-10-05
4CH1:issue3:1.28,4CH1,4CH1-spec,Issue 3,1.28,,statement,"Connect amount, mass and relative masses through molar mass.",19,13,"[""1C"",""2C""]",current-specification,source-checked,Codex source/logic review,agent,false,2026-10-05
4CH1:issue3:1.29,4CH1,4CH1-spec,Issue 3,1.29,,statement,Predict reacting masses from measurements or balanced ratios.,19,13,"[""1C"",""2C""]",current-specification,source-checked,Codex source/logic review,agent,false,2026-10-05
4CH1:issue3:1.30,4CH1,4CH1-spec,Issue 3,1.30,,statement,Compare recovered product with the theoretical yield.,19,13,"[""1C"",""2C""]",current-specification,source-checked,Codex source/logic review,agent,false,2026-10-05
4CH1:issue3:1.31,4CH1,4CH1-spec,Issue 3,1.31,,statement,"Infer formulae from oxide, water and hydrated-salt experiments.",19,13,"[""1C"",""2C""]",current-specification,source-checked,Codex source/logic review,agent,false,2026-10-05
4CH1:issue3:1.32,4CH1,4CH1-spec,Issue 3,1.32,,statement,Distinguish simplest atom ratios from molecular atom counts.,19,13,"[""1C"",""2C""]",current-specification,source-checked,Codex source/logic review,agent,false,2026-10-05
4CH1:issue3:1.33,4CH1,4CH1-spec,Issue 3,1.33,,statement,Derive empirical and molecular formulae from measured information.,19,13,"[""1C"",""2C""]",current-specification,source-checked,Codex source/logic review,agent,false,2026-10-05
4CH1:issue3:1.34C,4CH1,4CH1-spec,Issue 3,1.34C,,statement,Connect solution amount with its volume and molar concentration.,19,13,"[""2C""]",current-specification,source-checked,Codex source/logic review,agent,false,2026-10-05
4CH1:issue3:1.35C,4CH1,4CH1-spec,Issue 3,1.35C,,statement,Use gas amounts and the24dm³ rtp molar-volume value.,19,13,"[""2C""]",current-specification,source-checked,Codex source/logic review,agent,false,2026-10-05
4CH1:issue3:1.36,4CH1,4CH1-spec,Issue 3,1.36,,statement,Investigate a metal-oxide composition by combustion or reduction.,19,13,"[""1C"",""2C""]",current-specification,source-checked,Codex source/logic review,agent,false,2026-10-05
4CH1:issue3:1.55C,4CH1,4CH1-spec,Issue 3,1.55C,,statement,Explain why typical covalent substances lack mobile charge carriers.,21,15,"[""2C""]",current-specification,source-checked,Codex source/logic review,agent,false,2026-10-05
4CH1:issue3:1.56C,4CH1,4CH1-spec,Issue 3,1.56C,,statement,Connect ionic conduction to ions becoming mobile.,21,15,"[""2C""]",current-specification,source-checked,Codex source/logic review,agent,false,2026-10-05
4CH1:issue3:1.57C,4CH1,4CH1-spec,Issue 3,1.57C,,statement,Name negative and positive ions as anions and cations.,21,15,"[""2C""]",current-specification,source-checked,Codex source/logic review,agent,false,2026-10-05
4CH1:issue3:1.58C,4CH1,4CH1-spec,Issue 3,1.58C,,statement,Describe inert-electrode molten/aqueous investigations and predict condition-dependent products.,21,15,"[""2C""]",current-specification,source-checked,Codex source/logic review,agent,false,2026-10-05
4CH1:issue3:1.59C,4CH1,4CH1-spec,Issue 3,1.59C,,statement,Represent electrode electron transfers with balanced half-equations and redox terms.,21,15,"[""2C""]",current-specification,source-checked,Codex source/logic review,agent,false,2026-10-05
4CH1:issue3:1.60C,4CH1,4CH1-spec,Issue 3,1.60C,,statement,Investigate aqueous electrode products using controlled practical observations.,21,15,"[""2C""]",current-specification,source-checked,Codex source/logic review,agent,false,2026-10-05
4BI1:issue3:2.18,4BI1,4BI1-spec,Issue 3 - September 2024,2.18,,statement,Capture light energy into organic material and explain its significance.,21,15,"[""1B"",""2B""]",current-specification,source-checked,Codex source/logic review,agent,false,2026-10-05
4BI1:issue3:2.19,4BI1,4BI1-spec,Issue 3 - September 2024,2.19,,statement,Represent photosynthesis in words and a balanced net equation.,21,15,"[""1B"",""2B""]",current-specification,source-checked,Codex source/logic review,agent,false,2026-10-05
4BI1:issue3:2.20,4BI1,4BI1-spec,Issue 3 - September 2024,2.20,,statement,"Explain light,carbon dioxide and temperature constraints on rate.",21,15,"[""1B"",""2B""]",current-specification,source-checked,Codex source/logic review,agent,false,2026-10-05
4BI1:issue3:2.21,4BI1,4BI1-spec,Issue 3 - September 2024,2.21,,statement,Relate leaf tissues and features to photosynthetic functions.,21,15,"[""1B"",""2B""]",current-specification,source-checked,Codex source/logic review,agent,false,2026-10-05
4BI1:issue3:2.22,4BI1,4BI1-spec,Issue 3 - September 2024,2.22,,statement,Connect magnesium and nitrate supply to chlorophyll and amino acids.,21,15,"[""1B"",""2B""]",current-specification,source-checked,Codex source/logic review,agent,false,2026-10-05
4BI1:issue3:2.23,4BI1,4BI1-spec,Issue 3 - September 2024,2.23,,statement,"Investigate oxygen release,starch formation and light/carbon-dioxide/chlorophyll requirements.",21,15,"[""1B"",""2B""]",current-specification,source-checked,Codex source/logic review,agent,false,2026-10-05
4BI1:issue3:2.24,4BI1,4BI1-spec,Issue 3 - September 2024,2.24,,statement,Choose appropriate amounts of the seven specified dietary components.,21,15,"[""1B"",""2B""]",current-specification,source-checked,Codex source/logic review,agent,false,2026-10-05
4BI1:issue3:2.25,4BI1,4BI1-spec,Issue 3 - September 2024,2.25,,statement,Connect specified nutrients to food sources and distinct functions.,21,15,"[""1B"",""2B""]",current-specification,source-checked,Codex source/logic review,agent,false,2026-10-05
4BI1:issue3:2.26,4BI1,4BI1-spec,Issue 3 - September 2024,2.26,,statement,"Explain effects of activity,age and pregnancy on energy needs.",21,15,"[""1B"",""2B""]",current-specification,source-checked,Codex source/logic review,agent,false,2026-10-05
4BI1:issue3:2.27,4BI1,4BI1-spec,Issue 3 - September 2024,2.27,,statement,Connect named alimentary-canal and pancreatic structures to their roles.,21,15,"[""1B"",""2B""]",current-specification,source-checked,Codex source/logic review,agent,false,2026-10-05
4BI1:issue3:2.28,4BI1,4BI1-spec,Issue 3 - September 2024,2.28,,statement,Explain muscular peristaltic movement along the gut.,21,15,"[""1B"",""2B""]",current-specification,source-checked,Codex source/logic review,agent,false,2026-10-05
4BI1:issue3:2.29,4BI1,4BI1-spec,Issue 3 - September 2024,2.29,,statement,"Match digestive enzymes to starch,protein and lipid breakdown.",21,15,"[""1B"",""2B""]",current-specification,source-checked,Codex source/logic review,agent,false,2026-10-05
4BI1:issue3:2.30,4BI1,4BI1-spec,Issue 3 - September 2024,2.30,,statement,Distinguish liver production of bile from gall-bladder storage.,21,15,"[""1B"",""2B""]",current-specification,source-checked,Codex source/logic review,agent,false,2026-10-05
4BI1:issue3:2.31,4BI1,4BI1-spec,Issue 3 - September 2024,2.31,,statement,Explain bile’s acid-neutralisation and fat-emulsification contributions.,21,15,"[""1B"",""2B""]",current-specification,source-checked,Codex source/logic review,agent,false,2026-10-05
4BI1:issue3:2.32,4BI1,4BI1-spec,Issue 3 - September 2024,2.32,,statement,Relate small-intestine and villus features to absorption.,21,15,"[""1B"",""2B""]",current-specification,source-checked,Codex source/logic review,agent,false,2026-10-05
4BI1:issue3:2.33B,4BI1,4BI1-spec,Issue 3 - September 2024,2.33B,,statement,Investigate food energy through calorimetry and evaluate the estimate.,21,15,"[""2B""]",current-specification,source-checked,Codex source/logic review,agent,false,2026-10-05
4BI1:issue3:2.34,4BI1,4BI1-spec,Issue 3 - September 2024,2.34,,statement,Connect cellular respiration to ATP formation.,22,16,"[""1B"",""2B""]",current-specification,source-checked,Codex source/logic review,agent,false,2026-10-05
4BI1:issue3:2.35,4BI1,4BI1-spec,Issue 3 - September 2024,2.35,,statement,Explain ATP as an energy-transfer molecule for cell activities.,22,16,"[""1B"",""2B""]",current-specification,source-checked,Codex source/logic review,agent,false,2026-10-05
4BI1:issue3:2.36,4BI1,4BI1-spec,Issue 3 - September 2024,2.36,,statement,Compare specified aerobic and anaerobic pathways.,22,16,"[""1B"",""2B""]",current-specification,source-checked,Codex source/logic review,agent,false,2026-10-05
4BI1:issue3:2.37,4BI1,4BI1-spec,Issue 3 - September 2024,2.37,,statement,Use the word and balanced net equation for aerobic glucose oxidation.,22,16,"[""1B"",""2B""]",current-specification,source-checked,Codex source/logic review,agent,false,2026-10-05
4BI1:issue3:2.38,4BI1,4BI1-spec,Issue 3 - September 2024,2.38,,statement,Distinguish specified animal and plant anaerobic word-equation products.,22,16,"[""1B"",""2B""]",current-specification,source-checked,Codex source/logic review,agent,false,2026-10-05
4BI1:issue3:2.39,4BI1,4BI1-spec,Issue 3 - September 2024,2.39,,statement,Investigate seed carbon-dioxide and heat production with controls.,22,16,"[""1B"",""2B""]",current-specification,source-checked,Codex source/logic review,agent,false,2026-10-05
4BI1:issue3:2.40B,4BI1,4BI1-spec,Issue 3 - September 2024,2.40B,,statement,Explain gas diffusion between a leaf and its surroundings.,22,16,"[""2B""]",current-specification,source-checked,Codex source/logic review,agent,false,2026-10-05
4BI1:issue3:2.41B,4BI1,4BI1-spec,Issue 3 - September 2024,2.41B,,statement,Relate carbon-dioxide/oxygen exchange to photosynthesis and respiration.,22,16,"[""2B""]",current-specification,source-checked,Codex source/logic review,agent,false,2026-10-05
4BI1:issue3:2.42B,4BI1,4BI1-spec,Issue 3 - September 2024,2.42B,,statement,"Connect leaf features to gas-transfer area,distance and access.",22,16,"[""2B""]",current-specification,source-checked,Codex source/logic review,agent,false,2026-10-05
4BI1:issue3:2.43B,4BI1,4BI1-spec,Issue 3 - September 2024,2.43B,,statement,Explain stomatal regulation of gas access.,22,16,"[""2B""]",current-specification,source-checked,Codex source/logic review,agent,false,2026-10-05
4BI1:issue3:2.44B,4BI1,4BI1-spec,Issue 3 - September 2024,2.44B,,statement,Interpret light-dependent net exchange while respiration continues.,22,16,"[""2B""]",current-specification,source-checked,Codex source/logic review,agent,false,2026-10-05
4BI1:issue3:2.45B,4BI1,4BI1-spec,Issue 3 - September 2024,2.45B,,statement,Investigate leaf net gas exchange using hydrogencarbonate indicator.,22,16,"[""2B""]",current-specification,source-checked,Codex source/logic review,agent,false,2026-10-05
4BI1:issue3:2.46,4BI1,4BI1-spec,Issue 3 - September 2024,2.46,,statement,"Locate thoracic muscles, airway branches, alveoli and pleural layers.",22,16,"[""1B"",""2B""]",current-specification,source-checked,Codex source/logic review,agent,false,2026-10-05
4BI1:issue3:2.47,4BI1,4BI1-spec,Issue 3 - September 2024,2.47,,statement,"Explain muscle movement, volume, pressure and ventilation.",22,16,"[""1B"",""2B""]",current-specification,source-checked,Codex source/logic review,agent,false,2026-10-05
4BI1:issue3:2.48,4BI1,4BI1-spec,Issue 3 - September 2024,2.48,,statement,"Connect alveolar area, short diffusion path and maintained gradients to gas exchange.",22,16,"[""1B"",""2B""]",current-specification,source-checked,Codex source/logic review,agent,false,2026-10-05
4BI1:issue3:2.49,4BI1,4BI1-spec,Issue 3 - September 2024,2.49,,statement,Explain smoke-related lung damage and cardiovascular consequences including coronary disease.,22,16,"[""1B"",""2B""]",current-specification,source-checked,Codex source/logic review,agent,false,2026-10-05
4BI1:issue3:2.50,4BI1,4BI1-spec,Issue 3 - September 2024,2.50,,statement,Investigate breath carbon dioxide and exercise-related breathing changes with controls.,22,16,"[""1B"",""2B""]",current-specification,source-checked,Codex source/logic review,agent,false,2026-10-05
4HB1:issue2:3.1,4HB1,4HB1-spec,Issue 2,3.1,,statement,"Define diffusion, osmosis and active transport.",19,13,"[""01"",""02""]",current-specification,source-checked,Codex source/logic review,agent,false,2026-10-05
4HB1:issue2:3.2,4HB1,4HB1-spec,Issue 2,3.2,,statement,Explain membrane movement including water-potential understanding.,19,13,"[""01"",""02""]",current-specification,source-checked,Codex source/logic review,agent,false,2026-10-05
4HB1:issue2:3.3,4HB1,4HB1-spec,Issue 2,3.3,,statement,"Explain surface-area/volume, temperature and concentration-gradient effects.",19,13,"[""01"",""02""]",current-specification,source-checked,Codex source/logic review,agent,false,2026-10-05
4HB1:issue2:4.1,4HB1,4HB1-spec,Issue 2,4.1,,statement,"Describe main skeletal parts, their functions and long-bone structure.",19,13,"[""01"",""02""]",current-specification,source-checked,Codex source/logic review,agent,false,2026-10-05
4HB1:issue2:4.2,4HB1,4HB1-spec,Issue 2,4.2,,statement,"Explain elbow, shoulder and cartilaginous intervertebral joint functions.",19,13,"[""01"",""02""]",current-specification,source-checked,Codex source/logic review,agent,false,2026-10-05
4HB1:issue2:4.3,4HB1,4HB1-spec,Issue 2,4.3,,statement,Describe synovial joint structures.,19,13,"[""01"",""02""]",current-specification,source-checked,Codex source/logic review,agent,false,2026-10-05
4HB1:issue2:4.4,4HB1,4HB1-spec,Issue 2,4.4,,statement,Explain voluntary muscle–bone movement using biceps and triceps.,19,13,"[""01"",""02""]",current-specification,source-checked,Codex source/logic review,agent,false,2026-10-05
4HB1:issue2:4.5,4HB1,4HB1-spec,Issue 2,4.5,,statement,Explain dietary support for healthy muscle and bone development.,19,13,"[""01"",""02""]",current-specification,source-checked,Codex source/logic review,agent,false,2026-10-05
4HB1:issue2:4.6,4HB1,4HB1-spec,Issue 2,4.6,,statement,Explain osteoporosis causes and symptoms.,19,13,"[""01"",""02""]",current-specification,source-checked,Codex source/logic review,agent,false,2026-10-05
4HB1:issue2:5.1,4HB1,4HB1-spec,Issue 2,5.1,,statement,"Identify sensory, motor and relay neurone structures.",20,14,"[""01"",""02""]",current-specification,source-checked,Codex visual/source review,agent,false,2026-10-05
4HB1:issue2:5.5,4HB1,4HB1-spec,Issue 2,5.5,,statement,"Recognise receptors for light, temperature, pressure/pain and taste.",20,14,"[""01"",""02""]",current-specification,source-checked,Codex visual/source review,agent,false,2026-10-05
4HB1:issue2:5.7,4HB1,4HB1-spec,Issue 2,5.7,,statement,"Investigate the number and position of skin sensory receptors, including touch and temperature.",20,14,"[""01"",""02""]",current-specification,source-checked,Codex visual/source review,agent,false,2026-10-05
4HB1:issue2:10.1,4HB1,4HB1-spec,Issue 2,10.1,,statement,"Describe skin structure and functions and explain sweating, vessel diameter changes and shivering in temperature regulation.",24,18,"[""01"",""02""]",current-specification,source-checked,Codex visual/source review,agent,false,2026-10-05
4HB1:issue2:6.12,4HB1,4HB1-spec,Issue 2,6.12,,statement,"Explain the importance of hygienic food preparation, cooking, storage and preservation.",21,15,"[""01"",""02""]",current-specification,source-checked,Codex visual/source review,agent,false,2026-10-05
4HB1:issue2:12.5,4HB1,4HB1-spec,Issue 2,12.5,,statement,"Describe bacterial structure, nutrition and reproduction, including interpretation of growth curves.",26,20,"[""01"",""02""]",current-specification,source-checked,Codex visual/source review,agent,false,2026-10-05
4HB1:issue2:11.13,4HB1,4HB1-spec,Issue 2,11.13,,statement,"Know that genes have alternative forms called alleles, producing differences in inherited characteristics.",25,19,"[""01"",""02""]",current-specification,source-checked,Codex visual/source review,agent,false,2026-10-05
4HB1:issue2:11.14,4HB1,4HB1-spec,Issue 2,11.14,,statement,"Know the listed genetic terminology, including dominant, recessive, homozygous, heterozygous, phenotype and genotype.",25,19,"[""01"",""02""]",current-specification,source-checked,Codex visual/source review,agent,false,2026-10-05
4HB1:issue2:11.20,4HB1,4HB1-spec,Issue 2,11.20,,statement,Interpret family pedigrees.,25,19,"[""01"",""02""]",current-specification,source-checked,Codex visual/source review,agent,false,2026-10-05
4HB1:issue2:11.21,4HB1,4HB1-spec,Issue 2,11.21,,statement,"Describe causes and effects of the listed inherited conditions, including dominant polydactyly, recessive cystic fibrosis and sex-linked conditions.",25,19,"[""01"",""02""]",current-specification,source-checked,Codex visual/source review,agent,false,2026-10-05
4HB1:issue2:11.19,4HB1,4HB1-spec,Issue 2,11.19,,statement,Interpret monohybrid inheritance using genetic diagrams and outcome probabilities.,25,19,"[""01"",""02""]",current-specification,source-checked,Codex visual/source review,agent,false,2026-10-05
4HB1:issue2:7.1,4HB1,4HB1-spec,Issue 2,7.1,,statement,Know that respiration releases energy in living organisms.,22,16,"[""01"",""02""]",current-specification,source-checked,Codex visual/source review,agent,false,2026-10-05
4HB1:issue2:7.2,4HB1,4HB1-spec,Issue 2,7.2,,statement,Investigate the difference in carbon dioxide concentration between inspired and expired air.,22,16,"[""01"",""02""]",current-specification,source-checked,Codex visual/source review,agent,false,2026-10-05
4HB1:issue2:7.5,4HB1,4HB1-spec,Issue 2,7.5,,statement,Explain differences between aerobic and anaerobic respiration.,22,16,"[""01"",""02""]",current-specification,source-checked,Codex visual/source review,agent,false,2026-10-05
4HB1:issue2:7.6,4HB1,4HB1-spec,Issue 2,7.6,,statement,Understand ATP energy transfer with phosphate addition/removal and associated energy changes.,22,16,"[""01"",""02""]",current-specification,source-checked,Codex visual/source review,agent,false,2026-10-05
4HB1:issue2:8.5,4HB1,4HB1-spec,Issue 2,8.5,,statement,Investigate how exercise affects breathing rate and measure lung capacity.,22,16,"[""01"",""02""]",current-specification,source-checked,Codex visual/source review,agent,false,2026-10-05
4HB1:issue2:8.12,4HB1,4HB1-spec,Issue 2,8.12,,statement,Understand how an oxygen debt arises and is repaid after exercise.,22,16,"[""01"",""02""]",current-specification,source-checked,Codex visual/source review,agent,false,2026-10-05
4HB1:issue2:7.3,4HB1,4HB1-spec,Issue 2,7.3,,statement,Know the word and balanced chemical symbol equations for aerobic respiration.,22,16,"[""01"",""02""]",current-specification,source-checked,Codex visual/source review,agent,false,2026-10-05
4HB1:issue2:7.4,4HB1,4HB1-spec,Issue 2,7.4,,statement,Know the word equation for anaerobic respiration.,22,16,"[""01"",""02""]",current-specification,source-checked,Codex visual/source review,agent,false,2026-10-05
4HB1:issue2:8.1,4HB1,4HB1-spec,Issue 2,8.1,,statement,"Know thorax structures including ribs, intercostals, diaphragm, conducting airways, alveoli and pleural membranes.",22,16,"[""01"",""02""]",current-specification,source-checked,Codex visual/source review,agent,false,2026-10-05
4HB1:issue2:8.3,4HB1,4HB1-spec,Issue 2,8.3,,statement,Explain lung adaptations for diffusion gas exchange.,22,16,"[""01"",""02""]",current-specification,source-checked,Codex visual/source review,agent,false,2026-10-05
4HB1:issue2:8.7,4HB1,4HB1-spec,Issue 2,8.7,,statement,Understand aerobic exercise.,22,16,"[""01"",""02""]",current-specification,source-checked,Codex visual/source review,agent,false,2026-10-05
4HB1:issue2:8.8,4HB1,4HB1-spec,Issue 2,8.8,,statement,Understand long-term cardiovascular benefits of exercise.,22,16,"[""01"",""02""]",current-specification,source-checked,Codex visual/source review,agent,false,2026-10-05
4HB1:issue2:8.9,4HB1,4HB1-spec,Issue 2,8.9,,statement,Use pulse as a heart-rate measure and explain resting pulse as a fitness indicator.,22,16,"[""01"",""02""]",current-specification,source-checked,Codex visual/source review,agent,false,2026-10-05
4HB1:issue2:8.10,4HB1,4HB1-spec,Issue 2,8.10,,statement,Explain heart-rate changes in exercise and adrenaline influence.,22,16,"[""01"",""02""]",current-specification,source-checked,Codex visual/source review,agent,false,2026-10-05
4HB1:issue2:8.11,4HB1,4HB1-spec,Issue 2,8.11,,statement,Investigate exercise effects on pulse rate.,22,16,"[""01"",""02""]",current-specification,source-checked,Codex visual/source review,agent,false,2026-10-05
4HB1:issue2:8.13,4HB1,4HB1-spec,Issue 2,8.13,,statement,Understand respiratory and cardiovascular damage caused by smoking.,22,16,"[""01"",""02""]",current-specification,source-checked,Codex visual/source review,agent,false,2026-10-05
4HB1:issue2:9.1,4HB1,4HB1-spec,Issue 2,9.1,,statement,"Know blood composition: erythrocytes, phagocytes/lymphocytes, platelets and plasma.",23,17,"[""01"",""02""]",current-specification,source-checked,Codex visual/source review,agent,false,2026-10-05
4HB1:issue2:9.3,4HB1,4HB1-spec,Issue 2,9.3,,statement,"Explain tissue-fluid role, pressure-related formation and lymphatic drainage.",23,17,"[""01"",""02""]",current-specification,source-checked,Codex visual/source review,agent,false,2026-10-05
4HB1:issue2:9.6,4HB1,4HB1-spec,Issue 2,9.6,,statement,Understand white-cell phagocytosis and antibody production.,23,17,"[""01"",""02""]",current-specification,source-checked,Codex visual/source review,agent,false,2026-10-05
4HB1:issue2:9.7,4HB1,4HB1-spec,Issue 2,9.7,,statement,Describe clotting importance and enzyme conversion of fibrinogen to fibrin.,23,17,"[""01"",""02""]",current-specification,source-checked,Codex visual/source review,agent,false,2026-10-05
4HB1:issue2:9.8,4HB1,4HB1-spec,Issue 2,9.8,,statement,"Compare arteries, veins and capillaries and explain their roles including pulse.",23,17,"[""01"",""02""]",current-specification,source-checked,Codex visual/source review,agent,false,2026-10-05
4HB1:issue2:9.9,4HB1,4HB1-spec,Issue 2,9.9,,statement,"Know general circulation including vessels to/from heart, lungs, liver and kidneys.",23,17,"[""01"",""02""]",current-specification,source-checked,Codex visual/source review,agent,false,2026-10-05
4HB1:issue2:9.10,4HB1,4HB1-spec,Issue 2,9.10,,statement,Know heart structure and function.,23,17,"[""01"",""02""]",current-specification,source-checked,Codex visual/source review,agent,false,2026-10-05
4HB1:issue2:9.2,4HB1,4HB1-spec,Issue 2,9.2,,statement,"Understand plasma transport of carbon dioxide, digested food, urea, hormones and heat energy.",23,17,"[""01"",""02""]",current-specification,source-checked,Codex visual/source review,agent,false,2026-10-05
4HB1:issue2:9.4,4HB1,4HB1-spec,Issue 2,9.4,,statement,Explain red-cell adaptations for oxygen transport.,23,17,"[""01"",""02""]",current-specification,source-checked,Codex visual/source review,agent,false,2026-10-05
4HB1:issue2:8.2,4HB1,4HB1-spec,Issue 2,8.2,,statement,Explain how intercostal muscles and diaphragm contribute to ventilation.,22,16,"[""01"",""02""]",current-specification,source-checked,Codex visual/source review,agent,false,2026-10-05
4HB1:issue2:8.4,4HB1,4HB1-spec,Issue 2,8.4,,statement,"Understand lung capacity, vital capacity and tidal volume, and interpret spirometer traces of breathing movement.",22,16,"[""01"",""02""]",current-specification,source-checked,Codex visual/source review,agent,false,2026-10-05
4HB1:issue2:8.6,4HB1,4HB1-spec,Issue 2,8.6,,statement,"Describe regulation of blood carbon dioxide, including aortic and carotid chemoreceptors.",22,16,"[""01"",""02""]",current-specification,source-checked,Codex visual/source review,agent,false,2026-10-05
4HB1:issue2:9.5,4HB1,4HB1-spec,Issue 2,9.5,,statement,Understand ABO blood groups and their importance in blood transfusions.,23,17,"[""01"",""02""]",current-specification,source-checked,Codex visual/source review,agent,false,2026-10-05
4HB1:issue2:12.18,4HB1,4HB1-spec,Issue 2,12.18,,statement,"Know sewage treatment in modern works and pit latrines, including aerobic and anaerobic microorganisms in sewage breakdown.",26,20,"[""01"",""02""]",current-specification,source-checked,Codex visual/source review,agent,false,2026-10-05
4HB1:issue2:9.11,4HB1,4HB1-spec,Issue 2,9.11,,statement,"Describe heart-disease causes, prevention and treatments including diet/activity, stents, artificial hearts and transplantation.",23,17,"[""01"",""02""]",current-specification,source-checked,Codex source/logic review,agent,false,2026-10-05
4HB1:issue2:9.12,4HB1,4HB1-spec,Issue 2,9.12,,statement,Understand problems associated with heart transplantation.,23,17,"[""01"",""02""]",current-specification,source-checked,Codex source/logic review,agent,false,2026-10-05
4HB1:issue2:9.13,4HB1,4HB1-spec,Issue 2,9.13,,statement,Describe statins and plant stanol esters in circulatory treatment/prevention.,23,17,"[""01"",""02""]",current-specification,source-checked,Codex source/logic review,agent,false,2026-10-05
4HB1:issue2:9.14,4HB1,4HB1-spec,Issue 2,9.14,,statement,Understand beta-blockers in circulatory conditions including angina and heart failure.,23,17,"[""01"",""02""]",current-specification,source-checked,Codex source/logic review,agent,false,2026-10-05
4HB1:issue2:9.15,4HB1,4HB1-spec,Issue 2,9.15,,statement,Explain systolic and diastolic pressure.,23,17,"[""01"",""02""]",current-specification,source-checked,Codex source/logic review,agent,false,2026-10-05
4HB1:issue2:9.16,4HB1,4HB1-spec,Issue 2,9.16,,statement,"Describe hypertension causes, prevention and treatment.",23,17,"[""01"",""02""]",current-specification,source-checked,Codex source/logic review,agent,false,2026-10-05
4HB1:issue2:9.17,4HB1,4HB1-spec,Issue 2,9.17,,statement,Understand ACE inhibitors in treatment of high pressure.,23,17,"[""01"",""02""]",current-specification,source-checked,Codex source/logic review,agent,false,2026-10-05
4HB1:issue2:9.18,4HB1,4HB1-spec,Issue 2,9.18,,statement,Describe production of monoclonal antibodies.,23,17,"[""01"",""02""]",current-specification,source-checked,Codex source/logic review,agent,false,2026-10-05
4HB1:issue2:9.19,4HB1,4HB1-spec,Issue 2,9.19,,statement,"Understand monoclonal antibodies in disease detection and treatment, including cancer.",23,17,"[""01"",""02""]",current-specification,source-checked,Codex source/logic review,agent,false,2026-10-05
4BI1:issue3:2.51,4BI1,4BI1-spec,Issue 3 - September 2024,2.51,,statement,Explain why small unicellular organisms can rely on diffusion for exchange.,23,17,"[""1B"",""2B""]",current-specification,source-checked,Codex source/logic review,agent,false,2026-10-05
4BI1:issue3:2.52,4BI1,4BI1-spec,Issue 3 - September 2024,2.52,,statement,Explain the need for internal transport in multicellular organisms.,23,17,"[""1B"",""2B""]",current-specification,source-checked,Codex source/logic review,agent,false,2026-10-05
4BI1:issue3:2.53,4BI1,4BI1-spec,Issue 3 - September 2024,2.53,,statement,Describe phloem transport of sucrose and amino acids between leaves and other plant parts.,23,17,"[""1B"",""2B""]",current-specification,source-checked,Codex source/logic review,agent,false,2026-10-05
4BI1:issue3:2.54,4BI1,4BI1-spec,Issue 3 - September 2024,2.54,,statement,Describe xylem transport of water and mineral ions from roots to other plant parts.,23,17,"[""1B"",""2B""]",current-specification,source-checked,Codex source/logic review,agent,false,2026-10-05
4BI1:issue3:2.55B,4BI1,4BI1-spec,Issue 3 - September 2024,2.55B,,statement,Explain water entry into root hair cells by osmosis.,23,17,"[""2B""]",current-specification,source-checked,Codex source/logic review,agent,false,2026-10-05
4BI1:issue3:2.56B,4BI1,4BI1-spec,Issue 3 - September 2024,2.56B,,statement,Explain evaporative water loss from plant surfaces.,23,17,"[""2B""]",current-specification,source-checked,Codex source/logic review,agent,false,2026-10-05
4BI1:issue3:2.57B,4BI1,4BI1-spec,Issue 3 - September 2024,2.57B,,statement,"Explain humidity, wind, temperature and light effects on transpiration.",23,17,"[""2B""]",current-specification,source-checked,Codex source/logic review,agent,false,2026-10-05
4BI1:issue3:2.58B,4BI1,4BI1-spec,Issue 3 - September 2024,2.58B,,statement,Investigate environmental factors using a leafy-shoot transpiration method.,23,17,"[""2B""]",current-specification,source-checked,Codex source/logic review,agent,false,2026-10-05
4BI1:issue3:2.59,4BI1,4BI1-spec,Issue 3 - September 2024,2.59,,statement,"Describe red/white cells, platelets and plasma in blood.",23,17,"[""1B"",""2B""]",current-specification,source-checked,Codex source/logic review,agent,false,2026-10-05
4BI1:issue3:2.60,4BI1,4BI1-spec,Issue 3 - September 2024,2.60,,statement,"Explain plasma transport of carbon dioxide, digested food, urea, hormones and heat energy.",23,17,"[""1B"",""2B""]",current-specification,source-checked,Codex source/logic review,agent,false,2026-10-05
4BI1:issue3:2.61,4BI1,4BI1-spec,Issue 3 - September 2024,2.61,,statement,"Explain red-cell shape, lack of a nucleus and haemoglobin in oxygen transport.",23,17,"[""1B"",""2B""]",current-specification,source-checked,Codex source/logic review,agent,false,2026-10-05
4BI1:issue3:2.62,4BI1,4BI1-spec,Issue 3 - September 2024,2.62,,statement,Explain phagocyte ingestion and specific lymphocyte antibody responses.,23,17,"[""1B"",""2B""]",current-specification,source-checked,Codex source/logic review,agent,false,2026-10-05
4BI1:issue3:2.63B,4BI1,4BI1-spec,Issue 3 - September 2024,2.63B,,statement,"Explain memory cells and sooner, faster, greater antibody production after vaccination.",23,17,"[""2B""]",current-specification,source-checked,Codex source/logic review,agent,false,2026-10-05
4BI1:issue3:2.64B,4BI1,4BI1-spec,Issue 3 - September 2024,2.64B,,statement,Explain platelet-supported clotting and its protective barrier.,23,17,"[""2B""]",current-specification,source-checked,Codex source/logic review,agent,false,2026-10-05
4BI1:issue3:2.65,4BI1,4BI1-spec,Issue 3 - September 2024,2.65,,statement,Describe heart structure and explain how it pumps blood.,23,17,"[""1B"",""2B""]",current-specification,source-checked,Codex source/logic review,agent,false,2026-10-05
4BI1:issue3:2.66,4BI1,4BI1-spec,Issue 3 - September 2024,2.66,,statement,Explain exercise- and adrenaline-related heart-rate changes.,23,17,"[""1B"",""2B""]",current-specification,source-checked,Codex source/logic review,agent,false,2026-10-05
4BI1:issue3:2.67,4BI1,4BI1-spec,Issue 3 - September 2024,2.67,,statement,Explain factors associated with increased coronary heart disease risk.,23,17,"[""1B"",""2B""]",current-specification,source-checked,Codex source/logic review,agent,false,2026-10-05
4BI1:issue3:2.68,4BI1,4BI1-spec,Issue 3 - September 2024,2.68,,statement,"Relate artery, vein and capillary structure to function.",23,17,"[""1B"",""2B""]",current-specification,source-checked,Codex source/logic review,agent,false,2026-10-05
4BI1:issue3:2.69,4BI1,4BI1-spec,Issue 3 - September 2024,2.69,,statement,"Describe circulation including heart, lungs, liver and kidney vessels.",23,17,"[""1B"",""2B""]",current-specification,source-checked,Codex source/logic review,agent,false,2026-10-05
4BI1:issue3:2.70,4BI1,4BI1-spec,Issue 3 - September 2024,2.70,,statement,Explain plant metabolic gas wastes and stomatal loss.,24,18,"[""1B"",""2B""]",current-specification,source-checked,Codex source/logic review,agent,false,2026-10-05
4BI1:issue3:2.71,4BI1,4BI1-spec,Issue 3 - September 2024,2.71,,statement,"Identify excretory products of lungs, kidneys and skin.",24,18,"[""1B"",""2B""]",current-specification,source-checked,Codex source/logic review,agent,false,2026-10-05
4BI1:issue3:2.72B,4BI1,4BI1-spec,Issue 3 - September 2024,2.72B,,statement,Explain kidney excretion and osmoregulation.,24,18,"[""2B""]",current-specification,source-checked,Codex source/logic review,agent,false,2026-10-05
4BI1:issue3:2.73B,4BI1,4BI1-spec,Issue 3 - September 2024,2.73B,,statement,"Describe kidneys, ureters, bladder and urethra.",24,18,"[""2B""]",current-specification,source-checked,Codex source/logic review,agent,false,2026-10-05
4BI1:issue3:2.74B,4BI1,4BI1-spec,Issue 3 - September 2024,2.74B,,statement,Describe the specified nephron structures and fluid route.,24,18,"[""2B""]",current-specification,source-checked,Codex source/logic review,agent,false,2026-10-05
4BI1:issue3:2.75B,4BI1,4BI1-spec,Issue 3 - September 2024,2.75B,,statement,Explain ultrafiltration and glomerular filtrate composition.,24,18,"[""2B""]",current-specification,source-checked,Codex source/logic review,agent,false,2026-10-05
4BI1:issue3:2.76B,4BI1,4BI1-spec,Issue 3 - September 2024,2.76B,,statement,Explain collecting-duct water reabsorption into blood.,24,18,"[""2B""]",current-specification,source-checked,Codex source/logic review,agent,false,2026-10-05
4BI1:issue3:2.77B,4BI1,4BI1-spec,Issue 3 - September 2024,2.77B,,statement,Explain selective glucose recovery at the proximal tubule.,24,18,"[""2B""]",current-specification,source-checked,Codex source/logic review,agent,false,2026-10-05
4BI1:issue3:2.78B,4BI1,4BI1-spec,Issue 3 - September 2024,2.78B,,statement,Explain ADH control of blood water content.,24,18,"[""2B""]",current-specification,source-checked,Codex source/logic review,agent,false,2026-10-05
4BI1:issue3:2.79B,4BI1,4BI1-spec,Issue 3 - September 2024,2.79B,,statement,"Describe water, urea and ions in urine.",24,18,"[""2B""]",current-specification,source-checked,Codex source/logic review,agent,false,2026-10-05
4BI1:issue3:2.80,4BI1,4BI1-spec,Issue 3 - September 2024,2.80,,statement,Explain responses to environmental change.,24,18,"[""1B"",""2B""]",current-specification,source-checked,Codex source/logic review,agent,false,2026-10-05
4BI1:issue3:2.81,4BI1,4BI1-spec,Issue 3 - September 2024,2.81,,statement,Explain homeostasis with water-content and temperature examples.,24,18,"[""1B"",""2B""]",current-specification,source-checked,Codex source/logic review,agent,false,2026-10-05
4BI1:issue3:2.82,4BI1,4BI1-spec,Issue 3 - September 2024,2.82,,statement,"Identify stimulus, receptor and effector in coordination.",24,18,"[""1B"",""2B""]",current-specification,source-checked,Codex source/logic review,agent,false,2026-10-05
4BI1:issue3:2.83,4BI1,4BI1-spec,Issue 3 - September 2024,2.83,,statement,Explain that plants respond to environmental stimuli.,24,18,"[""1B"",""2B""]",current-specification,source-checked,Codex source/logic review,agent,false,2026-10-05
4BI1:issue3:2.84,4BI1,4BI1-spec,Issue 3 - September 2024,2.84,,statement,Describe root/stem geotropic and phototropic responses.,24,18,"[""1B"",""2B""]",current-specification,source-checked,Codex source/logic review,agent,false,2026-10-05
4BI1:issue3:2.85,4BI1,4BI1-spec,Issue 3 - September 2024,2.85,,statement,Explain auxin’s role in stem phototropism.,24,18,"[""1B"",""2B""]",current-specification,source-checked,Codex source/logic review,agent,false,2026-10-05
4BI1:issue3:2.86,4BI1,4BI1-spec,Issue 3 - September 2024,2.86,,statement,Compare nervous and hormonal coordination.,25,19,"[""1B"",""2B""]",current-specification,source-checked,Codex source/logic review,agent,false,2026-10-05
4BI1:issue3:2.87,4BI1,4BI1-spec,Issue 3 - September 2024,2.87,,statement,Identify the CNS and its nerve links.,25,19,"[""1B"",""2B""]",current-specification,source-checked,Codex source/logic review,agent,false,2026-10-05
4BI1:issue3:2.88,4BI1,4BI1-spec,Issue 3 - September 2024,2.88,,statement,Follow receptor stimulation into and out of CNS.,25,19,"[""1B"",""2B""]",current-specification,source-checked,Codex source/logic review,agent,false,2026-10-05
4BI1:issue3:2.89,4BI1,4BI1-spec,Issue 3 - September 2024,2.89,,statement,Explain neurotransmitters at chemical synapses.,25,19,"[""1B"",""2B""]",current-specification,source-checked,Codex source/logic review,agent,false,2026-10-05
4BI1:issue3:2.90,4BI1,4BI1-spec,Issue 3 - September 2024,2.90,,statement,Explain a simple hot-finger withdrawal reflex arc.,25,19,"[""1B"",""2B""]",current-specification,source-checked,Codex source/logic review,agent,false,2026-10-05
4BI1:issue3:2.91,4BI1,4BI1-spec,Issue 3 - September 2024,2.91,,statement,Describe eye structure and receptor functions.,25,19,"[""1B"",""2B""]",current-specification,source-checked,Codex source/logic review,agent,false,2026-10-05
4BI1:issue3:2.92,4BI1,4BI1-spec,Issue 3 - September 2024,2.92,,statement,Explain near/distant focus and light-intensity responses.,25,19,"[""1B"",""2B""]",current-specification,source-checked,Codex source/logic review,agent,false,2026-10-05
