task_id,paper_id,question_path,parent_task_id,record_kind,section,option_group,qp_pages_json,stimulus_refs_json,scheme_pages_json,command_word,original_marks,assessment_objectives_json,required_knowledge,context_summary,stimulus_types_json,solution_structure_json,marking_method,rubric_ref,acceptable_alternatives_json,dependencies_json,common_errors_json,report_refs_json,extraction_status,mapping_status,review_status,reviewed_by,reviewer_type,human_reviewed,blocker,batch_id,updated_at
4PH1-2024-June-1-standard.Q5.a,4PH1-2024-June-1-standard,5.a,,leaf,,,[11],"[{""documentId"": ""4PH1-2024-June-1-standard-qp"", ""pdfPages"": [11]}]",[8],Sketch,3,[],Direct proportionality; Extension versus total length; Axes and origin,A helical spring within its Hooke-law region; blank axes supplied.,"[""blank-graph-axes""]","[""Label force/load and extension."", ""Draw a straight positive-gradient line through the origin.""]",discrete-points,research/extractions/4PH1-2024-June-1-standard.json#4PH1-2024-June-1-standard.Q5.a,"[""The scheme permits elongation or distance/length stretched for extension, and force/load/weight for the loading quantity."", ""A total-length axis can receive full credit with the correct non-zero length intercept."", ""A curve beyond a clearly identified proportional limit is permitted. Units are ignored for this sketch.""]","[""Interpret the origin criterion with the chosen axis quantity: total length is not extension.""]","[{""description"": ""Putting total length through the origin"", ""origin"": ""editorial""}, {""description"": ""Substituting elastic limit for an identified proportional limit"", ""origin"": ""editorial""}]",[],source-checked,agent-reviewed,agent-reviewed,Codex Astra,agent,false,"Quiz currently accepts typed text, not submitted graph drawings; sketch adaptation needs a suitable response contract.",physics-detailed-2026-09-11,2026-09-11
4PH1-2024-June-1-standard.Q5.b.i,4PH1-2024-June-1-standard,5.b.i,,leaf,,,[12],"[{""documentId"": ""4PH1-2024-June-1-standard-qp"", ""pdfPages"": [12]}]",[8],Determine,2,[],One-dimensional vector resultant,Two opposed forces act on the released object: 3.2 N upwards and 2.0 N downwards.,"[""diagram"", ""scenario""]","[""Subtract opposing force magnitudes: 3.2 \u2212 2.0 = 1.2 N."", ""Direction is upwards.""]",discrete-points,research/extractions/4PH1-2024-June-1-standard.json#4PH1-2024-June-1-standard.Q5.b.i,"[""An upward arrow can express the direction."", ""Unqualified compass north is not accepted as upwards in this diagram.""]","[""Treat magnitude and direction as separate credit criteria.""]","[{""description"": ""Adding the opposed magnitudes"", ""origin"": ""editorial""}, {""description"": ""Giving no direction"", ""origin"": ""editorial""}]",[],source-checked,agent-reviewed,agent-reviewed,Codex Astra,agent,false,,physics-detailed-2026-09-11,2026-09-11
4PH1-2024-June-1-standard.Q5.b.ii,4PH1-2024-June-1-standard,5.b.ii,,leaf,,,"[12, 13]","[{""documentId"": ""4PH1-2024-June-1-standard-qp"", ""pdfPages"": [12]}]",[8],Calculate,3,[],Resultant force equals mass times acceleration,Same released object; mass 0.20 kg; uses resultant from the preceding part.,"[""diagram"", ""scenario""]","[""Substitute F = ma using 1.2 N and 0.20 kg."", ""Rearrange a = F/m."", ""Evaluate a = 6.0 m/s\u00b2.""]",method-marks,research/extractions/4PH1-2024-June-1-standard.json#4PH1-2024-June-1-standard.Q5.b.ii,"[""6 and 6.0 are equivalent here."", ""The scheme permits error carried forward from 5.b.i.""]","[""Evaluate the working using the candidate\u2019s earlier resultant where the scheme allows ECF."", ""The scheme specifies a one-mark loss for a power-of-ten error; do not multiply penalties across repeated use of that error.""]","[{""description"": ""Using the spring force alone as resultant"", ""origin"": ""editorial""}, {""description"": ""Dividing by weight instead of mass"", ""origin"": ""editorial""}]",[],source-checked,agent-reviewed,agent-reviewed,Codex Astra,agent,false,,physics-detailed-2026-09-11,2026-09-11
4PH1-2024-June-1-standard.Q5.b.iii,4PH1-2024-June-1-standard,5.b.iii,,leaf,,,"[12, 13]","[{""documentId"": ""4PH1-2024-June-1-standard-qp"", ""pdfPages"": [12]}]",[8],Explain,3,[],Spring force depends on extension; Weight stays constant; Resultant force controls acceleration,From release below equilibrium until the first return to the initial equilibrium position.,"[""diagram"", ""scenario""]","[""Acceleration magnitude falls to zero."", ""Spring extension and upward spring force decrease while weight stays constant."", ""The upward resultant therefore falls to zero at equilibrium.""]",linked-reasoning,research/extractions/4PH1-2024-June-1-standard.json#4PH1-2024-June-1-standard.Q5.b.iii,"[""Less stretched can express reduced extension."", ""Balanced forces is suitable if clearly limited to the equilibrium endpoint.""]","[""The support alternatives have a two-mark group cap, not four available marks."", ""Do not equate falling acceleration magnitude with falling speed during this interval.""]","[{""description"": ""Calling the upward-moving object slower because its acceleration falls"", ""origin"": ""editorial""}, {""description"": ""Claiming forces balance throughout the path"", ""origin"": ""editorial""}]",[],source-checked,agent-reviewed,agent-reviewed,Codex Astra,agent,false,,physics-detailed-2026-09-11,2026-09-11
4PH1-2024-June-1-standard.Q12.a,4PH1-2024-June-1-standard,12.a,,leaf,,,[30],"[{""documentId"": ""4PH1-2024-June-1-standard-qp"", ""pdfPages"": [30]}]",[16],Determine,4,[],Instantaneous gradient of a curved velocity-time graph,A car accelerates with constant driving force; draw a tangent at 20 s.,"[""graph"", ""scenario""]","[""Draw a local tangent at 20 s."", ""Calculate change in velocity / change in time using the tangent."", ""Approximately 1.1 m/s\u00b2 is expected.""]",method-marks,research/extractions/4PH1-2024-June-1-standard.json#4PH1-2024-June-1-standard.Q12.a,"[""Clear gradient working can imply the gradient relationship.""]","[""Bands are total-score guidance; preserve preceding construction/method context."", ""Rendering precision matters. Do not reuse these fixed numeric bands for a different generated graph.""]","[{""description"": ""Using a chord from the origin instead of a tangent"", ""origin"": ""editorial""}, {""description"": ""Using velocity at 20 s divided by 20 s as instantaneous acceleration"", ""origin"": ""editorial""}]",[],source-checked,agent-reviewed,agent-reviewed,Codex Astra,agent,false,Browser needs a drawing/coordinate response convention before this source task can be faithfully adapted.,physics-detailed-2026-09-11,2026-09-11
4PH1-2024-June-1-standard.Q12.b,4PH1-2024-June-1-standard,12.b,,leaf,,,"[30, 31]","[{""documentId"": ""4PH1-2024-June-1-standard-qp"", ""pdfPages"": [30]}]",[16],Determine,5,[],Distance as area under a positive velocity-time graph; Numerical graphical estimation,Estimate distance during the first 80 s of the same car journey.,"[""graph"", ""scenario""]","[""Use area between graph and time axis up to 80 s."", ""Estimate by strips, shapes or grid squares."", ""Approximate distance 3750 m; precise source acceptance is banded.""]",method-marks,research/extractions/4PH1-2024-June-1-standard.json#4PH1-2024-June-1-standard.Q12.b,"[""Trapezia, rectangles/triangles and counting squares are allowed.""]","[""Use the graph from page 30; the page 31 prompt alone is insufficient."", ""The native 5-mark task cannot be served under the custom even-mark rule without a separately reviewed adaptation.""]","[{""description"": ""Approximating the entire nonlinear region with one unjustified triangle"", ""origin"": ""editorial""}, {""description"": ""Integrating to 100 s instead of 80 s"", ""origin"": ""editorial""}]",[],source-checked,agent-reviewed,agent-reviewed,Codex Astra,agent,false,,physics-detailed-2026-09-11,2026-09-11
4PH1-2024-June-1-standard.Q12.c,4PH1-2024-June-1-standard,12.c,,leaf,,,"[30, 31]","[{""documentId"": ""4PH1-2024-June-1-standard-qp"", ""pdfPages"": [30]}]",[16],Explain,3,[],Balanced forces; Zero resultant and acceleration; Constant velocity,Explain the constant part of the car’s motion after 80 s.,"[""graph"", ""scenario""]","[""Speed/velocity is constant."", ""Driving force balances air resistance."", ""Resultant and acceleration are zero.""]",linked-reasoning,research/extractions/4PH1-2024-June-1-standard.json#4PH1-2024-June-1-standard.Q12.c,"[""Terminal velocity is accepted for this constant-speed state."", ""Balanced forces may express equality of driving force and resistance.""]","[""The third criterion credits either zero resultant or zero acceleration, not both separately.""]","[{""description"": ""Calling constant velocity rest"", ""origin"": ""editorial""}, {""description"": ""Claiming constant driving force implies constant acceleration despite increasing drag"", ""origin"": ""editorial""}]",[],source-checked,agent-reviewed,agent-reviewed,Codex Astra,agent,false,,physics-detailed-2026-09-11,2026-09-11
4PH1-2024-June-1-standard.Q3.a,4PH1-2024-June-1-standard,3.a,,leaf,,,[6],"[{""documentId"": ""4PH1-2024-June-1-standard-qp"", ""pdfPages"": [6]}]",[6],Give,1,[],Thermal harm from excessive infrared exposure,Infrared lamps used on vehicle paint.,"[""photograph"", ""scenario""]","[""Name a thermal injury: skin, eye or tissue burns.""]",discrete-points,research/extractions/4PH1-2024-June-1-standard.json#4PH1-2024-June-1-standard.Q3.a,"[""The scheme accepts skin damage or surface-cell damage."", ""The scheme rejects skin cancer, cell mutation and sunburn.""]","[""Do not substitute ultraviolet or ionising-radiation mechanisms.""]","[{""description"": ""Confusing infrared heating with mutation/cancer or ultraviolet sunburn."", ""origin"": ""scheme-explicit""}]",[],source-checked,agent-reviewed,agent-reviewed,Codex Astra,agent,false,,physics-detailed-2026-09-11,2026-09-11
4PH1-2024-June-1-standard.Q3.b.i,4PH1-2024-June-1-standard,3.b.i,,leaf,,,[6],"[{""documentId"": ""4PH1-2024-June-1-standard-qp"", ""pdfPages"": [6]}]",[6],Give,2,[],Shared electromagnetic wave properties,Compare infrared radiation and visible light from the lamps.,"[""photograph"", ""scenario""]","[""Choose two distinct shared physical properties and state that each applies to both waves.""]",any-two-distinct,research/extractions/4PH1-2024-June-1-standard.json#4PH1-2024-June-1-standard.Q3.b.i,"[""Both are electromagnetic (or belong to the electromagnetic spectrum), transfer energy, are transverse, are non-ionising, can travel through a vacuum, or share the same speed in a vacuum."", ""The scheme also accepts reflection, refraction or diffraction as shared behaviors.""]","[""Different wording for the same property receives credit once. Stating both EM and both part of the EM spectrum is one idea."", ""Same-speed comparison must specify a vacuum.""]","[{""description"": ""Using two synonymous statements rather than two distinct properties."", ""origin"": ""editorial""}, {""description"": ""Claiming the waves always have the same speed in every material."", ""origin"": ""editorial""}]",[],source-checked,agent-reviewed,agent-reviewed,Codex Astra,agent,false,,physics-detailed-2026-09-11,2026-09-11
4PH1-2024-June-1-standard.Q3.b.ii,4PH1-2024-June-1-standard,3.b.ii,,leaf,,,[6],"[{""documentId"": ""4PH1-2024-June-1-standard-qp"", ""pdfPages"": [6]}]",[6],Give,2,[],Relative frequency and wavelength in the electromagnetic spectrum,Compare properties of infrared and visible radiation.,"[""photograph"", ""scenario""]","[""Infrared has a longer wavelength than visible light."", ""Infrared has a lower frequency than visible light.""]",discrete-points,research/extractions/4PH1-2024-June-1-standard.json#4PH1-2024-June-1-standard.Q3.b.ii,"[""Reverse comparisons for visible light are accepted."", ""The scheme condones saying infrared has lower energy; this is recorded as a source concession, not a claim that a lamp must transfer less total energy.""]","[""Do not award a third mark for restating frequency as photon energy."", ""Comparisons must distinguish the two waves.""]","[{""description"": ""Describing different speeds in a vacuum."", ""origin"": ""editorial""}, {""description"": ""Confusing the energy of an individual photon with total heater power."", ""origin"": ""editorial""}]",[],source-checked,agent-reviewed,agent-reviewed,Codex Astra,agent,false,,physics-detailed-2026-09-11,2026-09-11
4PH1-2024-June-1-standard.Q3.c,4PH1-2024-June-1-standard,3.c,,leaf,,,[7],"[{""documentId"": ""4PH1-2024-June-1-standard-qp"", ""pdfPages"": [6]}]",[6],Calculate,3,[],Rearrange speed=distance/time; Scientific notation and seconds,Infrared travels 1.5 m at the supplied speed 3.0 × 10^8 m/s.,"[""photograph"", ""scenario""]","[""Substitute: 3.0 \u00d7 10^8 = 1.5 / t."", ""Rearrange: t = 1.5 / (3.0 \u00d7 10^8)."", ""Evaluate: t = 5.0 \u00d7 10^-9 s = 0.000000005 s.""]",method-marks,research/extractions/4PH1-2024-June-1-standard.json#4PH1-2024-June-1-standard.Q3.c,"[""5 \u00d7 10^-9 seconds is accepted. Correct decimal equivalent is 0.000000005 seconds.""]","[""Scheme specifies a one-mark deduction for a power-of-ten error; do not repeatedly penalise the same POT mistake."", ""The scheme's listed decimal 0.00000005 conflicts with its scientific answer. Preserve this discrepancy, never infer that both numerical values are physically correct.""]","[{""description"": ""Dividing speed by distance, or mishandling 10^8 in a denominator."", ""origin"": ""editorial""}, {""description"": ""Power-of-ten error."", ""origin"": ""scheme-explicit""}]",[],source-checked,agent-reviewed,agent-reviewed,Codex Astra,agent,false,Source decimal alternative inconsistency must be explicitly resolved before activating a marking template.,physics-detailed-2026-09-11,2026-09-11
4PH1-2024-June-1-standard.Q3.d,4PH1-2024-June-1-standard,3.d,,leaf,,,[7],"[{""documentId"": ""4PH1-2024-June-1-standard-qp"", ""pdfPages"": [6]}]",[6],Explain,2,[],Infrared absorption and surface color; Energy transfer over equal time,White paint takes longer than black paint to harden under the heating lamps.,"[""photograph"", ""scenario""]","[""Black paint absorbs infrared more strongly than white paint."", ""More energy reaches black paint in the same time, so it warms/hardens sooner under the stated conditions.""]",linked-reasoning,research/extractions/4PH1-2024-June-1-standard.json#4PH1-2024-June-1-standard.Q3.d,"[""Reverse explanations in terms of white paint are accepted."", ""The scheme explicitly awards both marks for saying black absorbs more energy/heat; two separately written sentences are not required.""]","[""Credit physical ideas, not the number of sentences."", ""Do not confuse absorption of incident radiation with stronger emission from the surface.""]","[{""description"": ""Only stating that black hardens faster without explaining absorption."", ""origin"": ""editorial""}, {""description"": ""Explaining the observation solely by black paint emitting more infrared."", ""origin"": ""editorial""}]",[],source-checked,agent-reviewed,agent-reviewed,Codex Astra,agent,false,,physics-detailed-2026-09-11,2026-09-11
4PH1-2024-June-1-standard.Q8,4PH1-2024-June-1-standard,8,,leaf,,,"[18, 19]","[{""documentId"": ""4PH1-2024-June-1-standard-qp"", ""pdfPages"": [18, 19]}]",[11],Explain,6,[],Refraction from air into water; Angles measured from the normal; Refractive index n = sin(i)/sin(r); Speed and optical density; Conditions for total internal reflection,"Two incident rays from air meet a water boundary on a scale diagram; explain, calculate and draw their paths.","[""ray-diagram"", ""scale-diagram"", ""numerical-data""]","[""Draw a perpendicular normal at each point of incidence. Read angles to the normal, approximately 36\u00b0 for A and 60\u00b0 for B."", ""Use sin(r) = sin(i)/1.33 in degree mode: r_A \u2248 26.2\u00b0 and r_B \u2248 40.6\u00b0."", ""Extend both rays into the water towards their normals, at the calculated angles, with arrows showing travel into water."", ""Water is optically denser than air; light travels more slowly in water, explaining the change in direction."", ""Total internal reflection cannot occur for this air-to-water direction. A critical-angle calculation does not answer this question.""]",any-six-of-seven-with-joint-cap,research/extractions/4PH1-2024-June-1-standard.json#4PH1-2024-June-1-standard.Q8,"[""Ray paths and angles can be evidenced on the diagram rather than repeated in prose."", ""MP4 allows error carried forward from the measured incidence angle; a measured-angle error does not automatically lose both angle marks."", ""Ignore reflected rays in this source scheme."", ""The scheme's reversed optical-density concession applies to historical MP5 only; no publisher correction has been obtained.""]","[""Angles are measured relative to the normal, not the surface."", ""Apply the MP1/MP2 joint cap before the six-mark total cap."", ""Credit MP3 once and MP4 once even if both rays are measured and calculated."", ""A text-only adaptation cannot silently retain the original drawing demand.""]","[{""description"": ""Measuring the incidence angle from the boundary."", ""origin"": ""editorial""}, {""description"": ""Drawing refraction away from the normal when light enters water."", ""origin"": ""scheme-explicit""}, {""description"": ""Calculating a critical angle despite travel from lower to higher optical density."", ""origin"": ""scheme-explicit""}]",[],source-checked,agent-reviewed,agent-reviewed,Codex Astra,agent,false,Original drawing response has no implemented calibrated capture/marking interface.; Historical optical-density concession retained; an original generated rubric must explicitly use physically correct density.,physics-detailed-2026-09-11,2026-09-11
4PH1-2024-June-1-standard.Q7.a,4PH1-2024-June-1-standard,7.a,,leaf,,,[16],"[{""documentId"": ""4PH1-2024-June-1-standard-qp"", ""pdfPages"": [16]}]",[10],Explain,2,[],Parallel domestic lighting,Three independently switched lamps share the supply.,"[""circuit-diagram"", ""numerical-data""]","[""Lamps can be controlled independently."", ""Each lamp has its own parallel branch.""]",discrete-points,research/extractions/4PH1-2024-June-1-standard.json#4PH1-2024-June-1-standard.Q7.a,"[""One lamp on while others off is accepted."", ""The full-voltage alternative also earns the advantage mark.""]","[""Connect the advantage to the parallel arrangement.""]","[{""description"": ""Naming parallel without explaining its useful consequence."", ""origin"": ""editorial""}]",[],source-checked,agent-reviewed,agent-reviewed,Codex Astra,agent,false,,physics-detailed-2026-09-11,2026-09-11
4PH1-2024-June-1-standard.Q7.b.i,4PH1-2024-June-1-standard,7.b.i,,leaf,,,[16],"[{""documentId"": ""4PH1-2024-June-1-standard-qp"", ""pdfPages"": [16]}]",[10],Give,1,[],Charge carriers in a metallic circuit,Identify the moving charged particle.,"[""circuit-diagram"", ""numerical-data""]","[""Electrons move in solid metal wires.""]",discrete-points,research/extractions/4PH1-2024-June-1-standard.json#4PH1-2024-June-1-standard.Q7.b.i,"[""Retain ions only as a historical allowance; current-specification metal-conduction teaching uses electrons.""]","[""Do not teach ions as moving carriers inside solid metal wires.""]","[{""description"": ""Treating ions as the mobile carriers in solid metal wires."", ""origin"": ""editorial""}]",[],source-checked,agent-reviewed,agent-reviewed,Codex Astra,agent,false,Historical ion allowance is kept separate from correct metal-conduction teaching.,physics-detailed-2026-09-11,2026-09-11
4PH1-2024-June-1-standard.Q7.b.ii,4PH1-2024-June-1-standard,7.b.ii,,leaf,,,[17],"[{""documentId"": ""4PH1-2024-June-1-standard-qp"", ""pdfPages"": [16, 17]}]",[10],Show that,3,[],P = IV; mA conversion; significant figures,Show about 5 W for lamp 1 at 230 V and 22 mA.,"[""circuit-diagram"", ""numerical-data""]","[""22 mA = 0.022 A."", ""P = 230 \u00d7 0.022."", ""P = 5.06 W or 5.1 W, consistent with about 5 W.""]",discrete-points,research/extractions/4PH1-2024-June-1-standard.json#4PH1-2024-June-1-standard.Q7.b.ii,"[""Ignore units in this source task."", ""The scheme condones a reverse calculation of current or voltage from 5 W to at least three significant figures for full marks.""]","[""A bare 5 W only repeats the target."", ""Preserve the reverse-calculation concession separately when designing an original forward-task rubric.""]","[{""description"": ""Using 22 A rather than converting 22 mA to 0.022 A."", ""origin"": ""scheme-explicit""}]",[],source-checked,agent-reviewed,agent-reviewed,Codex Astra,agent,false,,physics-detailed-2026-09-11,2026-09-11
4PH1-2024-June-1-standard.Q7.b.iii,4PH1-2024-June-1-standard,7.b.iii,,leaf,,,[17],"[{""documentId"": ""4PH1-2024-June-1-standard-qp"", ""pdfPages"": [16, 17]}]",[10],Calculate,3,[],P = E/t; electrical energy; earlier-answer dependency,Find energy from lamp 1 over 30 s.,"[""circuit-diagram"", ""numerical-data""]","[""Rearrange E = Pt."", ""Use the approximate 5 W or the previously calculated power."", ""5 \u00d7 30 = 150 J; 5.06 \u00d7 30 = 151.8 J.""]",discrete-points,research/extractions/4PH1-2024-June-1-standard.json#4PH1-2024-June-1-standard.Q7.b.iii,"[""Allow 151.8, 152 or 153 J."", ""Allow error carried forward from (b.ii)."", ""Deduct one mark for a power-of-ten error as stated in the scheme.""]","[""Preserve the learner's earlier power when applying error carried forward."", ""Apply any deduction without allowing a negative score.""]","[{""description"": ""Power-of-ten error in the energy calculation."", ""origin"": ""scheme-explicit""}]",[],source-checked,agent-reviewed,agent-reviewed,Codex Astra,agent,false,,physics-detailed-2026-09-11,2026-09-11
4PH1-2024-June-1-standard.Q7.c.i,4PH1-2024-June-1-standard,7.c.i,,leaf,,,[17],"[{""documentId"": ""4PH1-2024-June-1-standard-qp"", ""pdfPages"": [16, 17]}]",[10],State,1,[],Voltage as energy per charge,Define voltage.,"[""circuit-diagram"", ""numerical-data""]","[""Voltage is energy transferred per unit charge passed.""]",discrete-points,research/extractions/4PH1-2024-June-1-standard.json#4PH1-2024-June-1-standard.Q7.c.i,"[""V = E/Q only accepted if all terms are defined."", ""Work done and energy transferred are equivalent here.""]","[""An undefined equation alone does not meet the source definition rule.""]","[{""description"": ""Giving an undefined equation instead of explaining energy per charge."", ""origin"": ""scheme-explicit""}]",[],source-checked,agent-reviewed,agent-reviewed,Codex Astra,agent,false,,physics-detailed-2026-09-11,2026-09-11
4PH1-2024-June-1-standard.Q7.c.ii,4PH1-2024-June-1-standard,7.c.ii,,leaf,,,[17],"[{""documentId"": ""4PH1-2024-June-1-standard-qp"", ""pdfPages"": [16, 17]}]",[10],Calculate,2,[],Current conservation; open branches,"Lamps 1 and 3 on, lamp 2 switch open; find supply current in mA.","[""circuit-diagram"", ""numerical-data""]","[""Exclude lamp 2's open branch."", ""22 + 17 = 39 mA.""]",discrete-points,research/extractions/4PH1-2024-June-1-standard.json#4PH1-2024-June-1-standard.Q7.c.ii,"[""60, 65 or 82 mA earns one mark under the source scheme.""]","[""Answer line is in mA; no conversion is required."", ""Parallel branches share voltage, not necessarily current.""]","[{""description"": ""Adding the open branch's 43 mA to the supply total."", ""origin"": ""scheme-explicit""}]",[],source-checked,agent-reviewed,agent-reviewed,Codex Astra,agent,false,,physics-detailed-2026-09-11,2026-09-11
4PH1-2024-June-1-standard.Q6.a,4PH1-2024-June-1-standard,6.a,,leaf,,,[14],"[{""documentId"": ""4PH1-2024-June-1-standard-qp"", ""pdfPages"": [14]}]",[9],Draw,1,[],Direction of external magnetic field lines into a south pole,Add arrows to the given field lines outside the south end of a bar magnet.,"[""magnetic-field-diagram""]","[""Place at least two arrows directed towards the south pole.""]",discrete-points,research/extractions/4PH1-2024-June-1-standard.json#4PH1-2024-June-1-standard.Q6.a,"[""The source condones arrows not on existing field lines.""]","[""Reject this mark if any arrow points away from the south pole; one correct arrow is insufficient.""]","[{""description"": ""Reversing the external field direction at a south pole."", ""origin"": ""scheme-explicit""}]",[],source-checked,agent-reviewed,agent-reviewed,Codex Astra,agent,false,Drawing-response recognition and contradictory-arrow calibration are not implemented.,physics-detailed-2026-09-11,2026-09-11
4PH1-2024-June-1-standard.Q6.b,4PH1-2024-June-1-standard,6.b,,leaf,,,[14],"[{""documentId"": ""4PH1-2024-June-1-standard-qp"", ""pdfPages"": [14]}]",[9],Select,1,[],Recognition of a magnetic substance,"Choose which of copper, nickel, plastic and zinc is attracted to the bar magnet in the school-level classification.","[""multiple-choice-options""]","[""Select B, nickel.""]",discrete-points,research/extractions/4PH1-2024-June-1-standard.json#4PH1-2024-June-1-standard.Q6.b,[],"[""Single-choice response; preserve the original one-mark demand separately from the custom 2/4/6-mark blueprint.""]","[{""description"": ""Choosing copper, plastic or zinc instead of nickel."", ""origin"": ""scheme-explicit""}]",[],source-checked,agent-reviewed,agent-reviewed,Codex Astra,agent,false,,physics-detailed-2026-09-11,2026-09-11
4PH1-2024-June-1-standard.Q6.c,4PH1-2024-June-1-standard,6.c,,leaf,,,[14],"[{""documentId"": ""4PH1-2024-June-1-standard-qp"", ""pdfPages"": [14]}]",[9],Explain,2,[],Magnetic field-line spacing represents relative field strength,Use the spreading field-line pattern to explain how strength changes away from the south pole.,"[""magnetic-field-diagram""]","[""Line spacing increases with distance from the pole."", ""More widely spaced field lines represent a weaker magnetic field.""]",discrete-points,research/extractions/4PH1-2024-June-1-standard.json#4PH1-2024-June-1-standard.Q6.c,"[""Reverse argument accepted."", ""For this particular diagram the source permits 'field lines are not parallel' for both marks; this shortcut is not a complete general definition of field strength.""]","[""Ignore references to forces. Use the line-spacing/strength explanation in original teaching.""]","[{""description"": ""Describing the spacing without linking it to field strength."", ""origin"": ""editorial""}]",[],source-checked,agent-reviewed,agent-reviewed,Codex Astra,agent,false,,physics-detailed-2026-09-11,2026-09-11
4PH1-2024-June-1-standard.Q6.d.i,4PH1-2024-June-1-standard,6.d.i,,leaf,,,"[14, 15]","[{""documentId"": ""4PH1-2024-June-1-standard-qp"", ""pdfPages"": [14, 15]}]",[9],Explain,2,[],Induced magnetism; Unlike poles attract,Explain attraction of an initially unmagnetised iron piece placed near the bar magnet's south pole.,"[""magnetic-field-diagram""]","[""A north pole is induced at the end of the iron nearest the south pole."", ""The adjacent unlike poles attract.""]",discrete-points,research/extractions/4PH1-2024-June-1-standard.json#4PH1-2024-June-1-standard.Q6.d.i,"[""Induced north pole may be shown on the diagram."", ""North is attracted to south is accepted.""]","[""Ignore references to charge; magnetic poles are required, not electrostatic charge labels.""]","[{""description"": ""Putting the induced south pole at the end nearest the bar magnet's south pole."", ""origin"": ""editorial""}]",[],source-checked,agent-reviewed,agent-reviewed,Codex Astra,agent,false,Combined diagram/text response marking remains uncalibrated.,physics-detailed-2026-09-11,2026-09-11
4PH1-2024-June-1-standard.Q6.d.ii,4PH1-2024-June-1-standard,6.d.ii,,leaf,,,[15],"[{""documentId"": ""4PH1-2024-June-1-standard-qp"", ""pdfPages"": [15]}]",[9],Explain,2,[],Magnetically soft materials do not retain strong induced magnetism,Explain why the iron piece should not be described as a permanent magnet.,"[""magnetic-field-diagram"", ""scenario""]","[""Iron is magnetically soft."", ""It loses its induced magnetism when removed from the external field.""]",discrete-points,research/extractions/4PH1-2024-June-1-standard.json#4PH1-2024-June-1-standard.Q6.d.ii,"[""Iron is easily demagnetised is accepted."", ""Iron is magnetic only in an external field is accepted by this source.""]","[""The source ignores merely saying 'soft magnet' or 'temporary magnet'; describe the material property and loss of magnetism.""]","[{""description"": ""Naming a temporary magnet without explaining its material property or behaviour on removal."", ""origin"": ""scheme-explicit""}]",[],source-checked,agent-reviewed,agent-reviewed,Codex Astra,agent,false,,physics-detailed-2026-09-11,2026-09-11
4PH1-2024-June-1-standard.Q1.a.i,4PH1-2024-June-1-standard,1.a.i,,leaf,,,[3],"[{""documentId"": ""4PH1-2024-June-1-standard-qp"", ""pdfPages"": [3]}]",[4],Draw,2,[],Orbit geometry,Draw a labelled Moon–Earth orbital diagram.,"[""drawing-prompt""]","[""Show a labelled Moon following an approximately circular path around Earth."", ""Place Earth approximately at the centre.""]",discrete-points,research/extractions/4PH1-2024-June-1-standard.json#4PH1-2024-June-1-standard.Q1.a.i,"[""Planet may substitute for Earth in labels; circularity judged by eye.""]","[""Ignore attempts at 3D drawing; retain the source's circular-orbit approximation.""]","[{""description"": ""Omitting the orbit or placing Earth on its edge."", ""origin"": ""editorial""}]",[],source-checked,agent-reviewed,agent-reviewed,Codex Astra,agent,false,Drawing recognition and label/geometry calibration are pending.,physics-detailed-2026-09-11,2026-09-11
4PH1-2024-June-1-standard.Q1.a.ii,4PH1-2024-June-1-standard,1.a.ii,,leaf,,,[3],"[{""documentId"": ""4PH1-2024-June-1-standard-qp"", ""pdfPages"": [3]}]",[4],Name,1,[],Gravitational orbital force,Name the force maintaining the Moon's Earth orbit.,"[""scenario""]","[""State gravitational force.""]",discrete-points,research/extractions/4PH1-2024-June-1-standard.json#4PH1-2024-June-1-standard.Q1.a.ii,"[""Gravity accepted.""]","[""Ignore weight, centripetal and centrifugal as standalone names; reject gravitational potential or gravitational field strength.""]","[{""description"": ""Naming a quantity or the generic centripetal role instead of the physical interaction."", ""origin"": ""scheme-explicit""}]",[],source-checked,agent-reviewed,agent-reviewed,Codex Astra,agent,false,,physics-detailed-2026-09-11,2026-09-11
4PH1-2024-June-1-standard.Q1.a.iii,4PH1-2024-June-1-standard,1.a.iii,,leaf,,,[3],"[{""documentId"": ""4PH1-2024-June-1-standard-qp"", ""pdfPages"": [3]}]",[4],Name,1,[],Earth-orbiting objects,Give another object orbiting Earth.,"[""scenario""]","[""Name an artificial satellite or space station.""]",discrete-points,research/extractions/4PH1-2024-June-1-standard.json#4PH1-2024-June-1-standard.Q1.a.iii,"[""Suitable orbital rocket debris accepted.""]","[""Reject comet in this Earth-orbit context.""]","[{""description"": ""Choosing a comet that orbits the Sun rather than an Earth orbiter."", ""origin"": ""scheme-explicit""}]",[],source-checked,agent-reviewed,agent-reviewed,Codex Astra,agent,false,,physics-detailed-2026-09-11,2026-09-11
4PH1-2024-June-1-standard.Q1.b,4PH1-2024-June-1-standard,1.b,,leaf,,,[3],"[{""documentId"": ""4PH1-2024-June-1-standard-qp"", ""pdfPages"": [3]}]",[4],Compare,1,[],Planet and comet orbital differences,Compare planet and comet orbits around a star.,"[""scenario""]","[""Compare a nearly circular planetary orbit with a more elongated comet orbit.""]",discrete-points,research/extractions/4PH1-2024-June-1-standard.json#4PH1-2024-June-1-standard.Q1.b,"[""Planet constant orbital radius versus comet variable radius is accepted.""]","[""An explicit comparison is needed; ignore orbital period or path-length claims. Speed/radius constancy is the near-circular model, not a universal claim about all real planets.""]","[{""description"": ""Giving only one object's property or comparing orbital periods without support."", ""origin"": ""scheme-explicit""}]",[],source-checked,agent-reviewed,agent-reviewed,Codex Astra,agent,false,,physics-detailed-2026-09-11,2026-09-11
4PH1-2024-June-1-standard.Q2.a,4PH1-2024-June-1-standard,2.a,,leaf,,,[4],"[{""documentId"": ""4PH1-2024-June-1-standard-qp"", ""pdfPages"": [4]}]",[5],Select,1,[],Isotopes share proton number,"Compare carbon with 6 protons/8 neutrons against rows (6,6), (6,8), (8,6), (8,8).","[""table"", ""multiple-choice-options""]","[""Keep 6 protons but change the neutron count: A, 6 neutrons.""]",discrete-points,research/extractions/4PH1-2024-June-1-standard.json#4PH1-2024-June-1-standard.Q2.a,[],"[""Single-choice task. B is the same isotope; C/D are a different element.""]","[{""description"": ""Changing proton number rather than neutron number."", ""origin"": ""scheme-explicit""}]",[],source-checked,agent-reviewed,agent-reviewed,Codex Astra,agent,false,,physics-detailed-2026-09-11,2026-09-11
4PH1-2024-June-1-standard.Q2.b,4PH1-2024-June-1-standard,2.b,,leaf,,,[4],"[{""documentId"": ""4PH1-2024-June-1-standard-qp"", ""pdfPages"": [4]}]",[5],Select,1,[],Beta-minus particle identity,Choose the radiation consisting of a high-energy electron.,"[""multiple-choice-options""]","[""Select B, beta.""]",discrete-points,research/extractions/4PH1-2024-June-1-standard.json#4PH1-2024-June-1-standard.Q2.b,[],"[""Alpha is a helium nucleus; gamma an electromagnetic wave; a neutron is not an electron.""]","[{""description"": ""Confusing beta-minus particles with gamma rays."", ""origin"": ""scheme-explicit""}]",[],source-checked,agent-reviewed,agent-reviewed,Codex Astra,agent,false,,physics-detailed-2026-09-11,2026-09-11
4PH1-2024-June-1-standard.Q2.c,4PH1-2024-June-1-standard,2.c,,leaf,,,[4],"[{""documentId"": ""4PH1-2024-June-1-standard-qp"", ""pdfPages"": [4]}]",[5],Select,1,[],Effects of nuclear emissions,Mass number drops by one and proton number is unchanged.,"[""multiple-choice-options""]","[""Select D, neutron radiation.""]",discrete-points,research/extractions/4PH1-2024-June-1-standard.json#4PH1-2024-June-1-standard.Q2.c,[],"[""Alpha reduces mass number by four and atomic number by two; beta-minus raises atomic number without changing mass number; gamma changes neither.""]","[{""description"": ""Choosing gamma because proton number is unchanged while overlooking the mass change."", ""origin"": ""editorial""}]",[],source-checked,agent-reviewed,agent-reviewed,Codex Astra,agent,false,,physics-detailed-2026-09-11,2026-09-11
4PH1-2024-June-1-standard.Q2.d,4PH1-2024-June-1-standard,2.d,,leaf,,,[5],"[{""documentId"": ""4PH1-2024-June-1-standard-qp"", ""pdfPages"": [5]}]",[5],Select,1,[],Nuclear notation and ionic charge,Uranium-238 has proton number 92; choose an electron count consistent with a positive ion.,"[""nuclear-symbol"", ""multiple-choice-options""]","[""Positive charge requires fewer electrons than the 92 protons."", ""Only option A, 90 electrons, meets this condition.""]",discrete-points,research/extractions/4PH1-2024-June-1-standard.json#4PH1-2024-June-1-standard.Q2.d,[],"[""92 is neutral; 146 and 238 imply negative net charge. The question asks a possible count, not an inferred universal uranium ion charge.""]","[{""description"": ""Using nucleon or neutron number as the electron count."", ""origin"": ""editorial""}]",[],source-checked,agent-reviewed,agent-reviewed,Codex Astra,agent,false,,physics-detailed-2026-09-11,2026-09-11
4PH1-2024-June-1-standard.Q2.e,4PH1-2024-June-1-standard,2.e,,leaf,,,[5],"[{""documentId"": ""4PH1-2024-June-1-standard-qp"", ""pdfPages"": [5]}]",[5],Select,1,[],Half-life activity calculation,Activity starts at 400 Bq with half-life 8 hours; find activity after 16 hours.,"[""numerical-data"", ""multiple-choice-options""]","[""16/8 = 2 half-lives."", ""400 \u2192 200 \u2192 100 Bq; choose C.""]",discrete-points,research/extractions/4PH1-2024-June-1-standard.json#4PH1-2024-June-1-standard.Q2.e,[],"[""A/B correspond to four/three half-lives and D to one half-life.""]","[{""description"": ""Dividing activity by the number of half-lives instead of halving repeatedly."", ""origin"": ""editorial""}]",[],source-checked,agent-reviewed,agent-reviewed,Codex Astra,agent,false,,physics-detailed-2026-09-11,2026-09-11
4PH1-2024-June-1-standard.Q9.a,4PH1-2024-June-1-standard,9.a,,leaf,,,[20],"[{""documentId"": ""4PH1-2024-June-1-standard-qp"", ""pdfPages"": [20]}]",[12],State,1,[],Gas pressure at initial sealing,A bottle is sealed in cabin air at 80 kPa; find its pressure immediately after sealing.,"[""photograph"", ""numerical-data""]","[""Before sealing, the bottle air is in contact with cabin air."", ""The initial trapped-air pressure is 80 kPa.""]",discrete-points,research/extractions/4PH1-2024-June-1-standard.json#4PH1-2024-June-1-standard.Q9.a,[],"[""Use the instant of sealing, before subsequent cabin-pressure changes.""]","[{""description"": ""Substituting sea-level pressure for the given cabin pressure."", ""origin"": ""editorial""}]",[],source-checked,agent-reviewed,agent-reviewed,Codex Astra,agent,false,,physics-detailed-2026-09-11,2026-09-11
4PH1-2024-June-1-standard.Q9.b,4PH1-2024-June-1-standard,9.b,,leaf,,,"[20, 21]","[{""documentId"": ""4PH1-2024-June-1-standard-qp"", ""pdfPages"": [20, 21]}]",[12],Explain,2,[],Pressure difference causes resultant force; Gas compression,The sealed bottle collapses as cabin pressure rises during descent.,"[""photograph"", ""scenario""]","[""External pressure becomes greater than the internal pressure, causing an inward resultant force."", ""Compression decreases volume and increases the trapped gas pressure.""]",discrete-points,research/extractions/4PH1-2024-June-1-standard.json#4PH1-2024-June-1-standard.Q9.b,"[""External pressure exceeds internal pressure is accepted for the pressure-increase point.""]","[""Each source point earns at most one mark; maximum two. A future gas-law model must specify thermal conditions rather than assume Boyle's law always applies.""]","[{""description"": ""Claiming gas is sucked out through a sealed lid."", ""origin"": ""editorial""}]",[],source-checked,agent-reviewed,agent-reviewed,Codex Astra,agent,false,,physics-detailed-2026-09-11,2026-09-11
4PH1-2024-June-1-standard.Q9.c,4PH1-2024-June-1-standard,9.c,,leaf,,,[21],"[{""documentId"": ""4PH1-2024-June-1-standard-qp"", ""pdfPages"": [21]}]",[12],Explain,3,[],Molecular origin of pressure,Explain gas pressure on a bottle surface.,"[""scenario""]","[""Molecules move randomly and collide with the wall."", ""Wall collisions exert force; pressure is that force per area.""]",discrete-points,research/extractions/4PH1-2024-June-1-standard.json#4PH1-2024-June-1-standard.Q9.c,"[""Particles/atoms allowed for molecules."", ""Bounce or hit allowed for collide."", ""p = F/A accepted for the pressure definition.""]","[""Ignore collisions described only between molecules; the credited collisions involve the bottle surface.""]","[{""description"": ""Mentioning molecular collisions without identifying the container wall."", ""origin"": ""scheme-explicit""}]",[],source-checked,agent-reviewed,agent-reviewed,Codex Astra,agent,false,,physics-detailed-2026-09-11,2026-09-11
4PH1-2024-June-1-standard.Q4.a,4PH1-2024-June-1-standard,4.a,,leaf,,,[8],"[{""documentId"": ""4PH1-2024-June-1-standard-qp"", ""pdfPages"": [8]}]",[7],Complete,4,[],Energy stores during gravitational collapse; Scope ends before the main-sequence stage,Identify changes in four energy stores as a nebula collapses before the main-sequence star forms.,"[""table""]","[""Judge each row independently within the stated pre-main-sequence interval.""]",discrete-points,research/extractions/4PH1-2024-June-1-standard.json#4PH1-2024-June-1-standard.Q4.a,[],"[""Reject credit for a row containing more than one tick.""]","[{""description"": ""Changing the nuclear store by answering for the later main-sequence stage."", ""origin"": ""agent-inferred""}]",[],source-checked,agent-reviewed,agent-reviewed,Codex Astra,agent,false,,physics-detailed-2026-09-11,2026-09-11
4PH1-2024-June-1-standard.Q4.b,4PH1-2024-June-1-standard,4.b,,leaf,,,[8],"[{""documentId"": ""4PH1-2024-June-1-standard-qp"", ""pdfPages"": [8]}]",[7],Give,1,[],Initial stellar mass controls the evolutionary branch,Identify the property determining a red-giant or red-supergiant evolution route.,"[""scenario""]","[""Name mass.""]",discrete-points,research/extractions/4PH1-2024-June-1-standard.json#4PH1-2024-June-1-standard.Q4.b,[],"[""Ignore size or weight.""]","[{""description"": ""Naming size instead of mass."", ""origin"": ""scheme-reject-or-ignore""}]",[],source-checked,agent-reviewed,agent-reviewed,Codex Astra,agent,false,,physics-detailed-2026-09-11,2026-09-11
4PH1-2024-June-1-standard.Q4.c,4PH1-2024-June-1-standard,4.c,,leaf,,,[9],"[{""documentId"": ""4PH1-2024-June-1-standard-qp"", ""pdfPages"": [9]}]",[7],Discuss,4,[],"Compare red giants and white dwarfs; Stellar brightness, temperature, size, fusion and density",Compare a red giant with the white dwarf in its subsequent evolution.,"[""scenario""]","[""Credit up to four distinct source comparison points; reversed comparisons are acceptable."", ""Retain the historical scheme allowances separately from future scientifically qualified teaching.""]",discrete-points,research/extractions/4PH1-2024-June-1-standard.json#4PH1-2024-June-1-standard.Q4.c,"[""Reverse arguments accepted for every pool point."", ""Brightness: allow luminosity, power, emitted light or absolute magnitude."", ""For the source fusion point, allow the red giant having more hydrogen."", ""For size, the source condones a greater-mass comparison."", ""For surface temperature, allow the red giant being cooler.""]","[""Maximum four marks; do not credit synonyms for the same comparison twice.""]","[{""description"": ""Giving two labels without an explicit comparison."", ""origin"": ""agent-inferred""}]",[],source-checked,agent-reviewed,agent-reviewed,Codex Astra,agent,false,Future comparison-family calibration needs explicit evolutionary-stage and planetary-nebula lifetime scope; historical source allowances are recorded but not activated.,physics-detailed-2026-09-11,2026-09-11
4PH1-2024-June-1-standard.Q10.a,4PH1-2024-June-1-standard,10.a,,leaf,,,[22],"[{""documentId"": ""4PH1-2024-June-1-standard-qp"", ""pdfPages"": [22]}]",[13],Calculate,2,[],Weight equation; Grams to kilograms,Find the weight of a 250 g load using the supplied weight formula.,"[""scenario""]","[""Convert 250 g to 0.250 kg."", ""Substitute into W=mg and evaluate.""]",discrete-points,research/extractions/4PH1-2024-June-1-standard.json#4PH1-2024-June-1-standard.Q10.a,"[""Allow g=9.8 or 9.81, giving 2.45 or 2.4525 N.""]","[""Ignore units; deduct one mark for a clear power-of-ten mass conversion error.""]","[{""description"": ""Treating 250 g as 250 kg."", ""origin"": ""scheme-reject-or-ignore""}]",[],source-checked,agent-reviewed,agent-reviewed,Codex Astra,agent,false,,physics-detailed-2026-09-11,2026-09-11
4PH1-2024-June-1-standard.Q10.b.i,4PH1-2024-June-1-standard,10.b.i,,leaf,,,"[22, 23]","[{""documentId"": ""4PH1-2024-June-1-standard-qp"", ""pdfPages"": [22, 23]}]",[13],Give,2,[],Independent and dependent experimental variables,Identify variables when overhanging strip length is changed and its downward displacement measured.,"[""apparatus-diagram"", ""method""]","[""Identify length L as independent and height h as dependent.""]",discrete-points,research/extractions/4PH1-2024-June-1-standard.json#4PH1-2024-June-1-standard.Q10.b.i,"[""Allow L/l and H/h."", ""Condone length of the wooden strip for the independent variable.""]",[],"[{""description"": ""Reversing the changed and measured quantities."", ""origin"": ""agent-inferred""}]",[],source-checked,agent-reviewed,agent-reviewed,Codex Astra,agent,false,,physics-detailed-2026-09-11,2026-09-11
4PH1-2024-June-1-standard.Q10.b.ii,4PH1-2024-June-1-standard,10.b.ii,,leaf,,,"[22, 23]","[{""documentId"": ""4PH1-2024-June-1-standard-qp"", ""pdfPages"": [22, 23]}]",[13],Give,2,[],Control variables,Name two quantities to hold constant in the strip bending investigation.,"[""apparatus-diagram"", ""method""]","[""Select two distinct valid controls from the source pool.""]",discrete-points,research/extractions/4PH1-2024-June-1-standard.json#4PH1-2024-June-1-standard.Q10.b.ii,"[""Allow same wooden strip for one of thickness/material when neither corresponding mark is otherwise earned; do not turn one vague phrase into two credits.""]","[""Ignore same load on its own.""]","[{""description"": ""Naming the changed length as a control."", ""origin"": ""agent-inferred""}]",[],source-checked,agent-reviewed,agent-reviewed,Codex Astra,agent,false,,physics-detailed-2026-09-11,2026-09-11
4PH1-2024-June-1-standard.Q10.b.iii,4PH1-2024-June-1-standard,10.b.iii,,leaf,,,"[22, 23]","[{""documentId"": ""4PH1-2024-June-1-standard-qp"", ""pdfPages"": [22, 23]}]",[13],Suggest,2,[],Measure vertical displacement accurately,Suggest how to measure the strip-end drop h accurately.,"[""apparatus-diagram"", ""method""]","[""Choose two suitable measurement details; alternative valid methods may earn credit.""]",discrete-points,research/extractions/4PH1-2024-June-1-standard.json#4PH1-2024-June-1-standard.Q10.b.iii,"[""Tape measure allowed; metre stick condoned."", ""An alternative may subtract loaded/unloaded heights measured from the ground.""]","[""Ignore unqualified reference to parallax error.""]","[{""description"": ""Only saying avoid parallax without explaining eye level or alignment."", ""origin"": ""scheme-reject-or-ignore""}]",[],source-checked,agent-reviewed,agent-reviewed,Codex Astra,agent,false,,physics-detailed-2026-09-11,2026-09-11
4PH1-2024-June-1-standard.Q10.c.i,4PH1-2024-June-1-standard,10.c.i,,leaf,,,[24],"[{""documentId"": ""4PH1-2024-June-1-standard-qp"", ""pdfPages"": [24]}]",[14],Determine,2,[],Measure a scale diagram; Apply a scale factor,Measure the vertical displacement on the supplied scale diagram when L=80 cm; 1 cm represents 10 cm.,"[""scale-diagram"", ""table""]","[""Measure 3.1 cm on the original-size diagram, within 3.0\u20133.2 cm."", ""Multiply by 10 to obtain 31 cm.""]",discrete-points,research/extractions/4PH1-2024-June-1-standard.json#4PH1-2024-June-1-standard.Q10.c.i,"[""A final answer 30\u201332 cm scores both marks."", ""Allow \u00d710 shown in working.""]","[""The measurement depends on the original printed dimensions; screen pixels and resized screenshots are not centimetres.""]","[{""description"": ""Using the sloping strip length instead of vertical height."", ""origin"": ""agent-inferred""}]",[],source-checked,agent-reviewed,agent-reviewed,Codex Astra,agent,false,Calibrated physical-scale rendering or an equivalent explicit numerical stimulus is required before generation/marking.,physics-detailed-2026-09-11,2026-09-11
4PH1-2024-June-1-standard.Q10.c.ii,4PH1-2024-June-1-standard,10.c.ii,,leaf,,,"[24, 25]","[{""documentId"": ""4PH1-2024-June-1-standard-qp"", ""pdfPages"": [24, 25]}]",[14],Plot,2,[],Choose graph scales; Plot experimental data,"Plot the six strip-length/height data pairs, using the height obtained in part c.i.","[""table"", ""graph-grid""]","[""Choose suitable linear axes using more than half the grid."", ""Plot all points to the nearest half small square.""]",discrete-points,research/extractions/4PH1-2024-June-1-standard.json#4PH1-2024-June-1-standard.Q10.c.ii,"[""False origin allowed."", ""Apply error carried forward from c.i for the 80 cm point.""]","[""Reject if a non-linear scale is used.""]","[{""description"": ""Treating a non-linear relation as permission to use non-linear axis scales."", ""origin"": ""agent-inferred""}]",[],source-checked,agent-reviewed,agent-reviewed,Codex Astra,agent,false,Graph input and geometric plotting-tolerance marking have not been implemented or calibrated.,physics-detailed-2026-09-11,2026-09-11
4PH1-2024-June-1-standard.Q10.c.iii,4PH1-2024-June-1-standard,10.c.iii,,leaf,,,"[24, 25]","[{""documentId"": ""4PH1-2024-June-1-standard-qp"", ""pdfPages"": [24, 25]}]",[14],Draw,1,[],Curve of best fit,Draw a best-fit curve for the plotted strip data from L=20 to 120 cm.,"[""table"", ""graph-grid""]","[""Draw a smooth curve balancing points on either side across the measured interval.""]",discrete-points,research/extractions/4PH1-2024-June-1-standard.json#4PH1-2024-June-1-standard.Q10.c.iii,"[""Error carried forward can apply to c.ii plotting or c.i measurement errors.""]","[""Do not silently replace the source's stated minimum-distance wording with a maximum tolerance.""]","[{""description"": ""Joining data points with straight segments instead of a smooth best-fit curve."", ""origin"": ""agent-inferred""}]",[],source-checked,agent-reviewed,agent-reviewed,Codex Astra,agent,false,Official scheme's minimum-distance note is unresolved; no automated curve-tolerance rule may be activated.; Graph drawing input and calibration remain unimplemented.,physics-detailed-2026-09-11,2026-09-11
4PH1-2024-June-1-standard.Q10.c.iv,4PH1-2024-June-1-standard,10.c.iv,,leaf,,,"[24, 25]","[{""documentId"": ""4PH1-2024-June-1-standard-qp"", ""pdfPages"": [24, 25]}]",[14],Evaluate,2,[],Direct proportionality tests,Evaluate the claim that h is directly proportional to L using the results or graph.,"[""table"", ""graph-grid""]","[""Explain direct proportionality requires a straight line through the origin or constant h/L."", ""Reject the student's conclusion using the non-linear results.""]",discrete-points,research/extractions/4PH1-2024-June-1-standard.json#4PH1-2024-June-1-standard.Q10.c.iv,"[""Allow the ratio h/L argument.""]","[""Dependent-on-previous (DOP): conclusion credit depends on the preceding explanatory criterion."", ""Score zero if the response indicates the relationship is proportional or directly proportional.""]","[{""description"": ""Claiming direct proportionality merely because both quantities increase."", ""origin"": ""agent-inferred""}]",[],source-checked,agent-reviewed,agent-reviewed,Codex Astra,agent,false,,physics-detailed-2026-09-11,2026-09-11
4PH1-2024-June-1-standard.Q11.a,4PH1-2024-June-1-standard,11.a,,leaf,,,[26],"[{""documentId"": ""4PH1-2024-June-1-standard-qp"", ""pdfPages"": [26]}]",[15],Calculate,2,[],Q=It; Ampere-hour to coulomb conversion,Convert the explicitly defined 1 Ah charge into coulombs.,"[""photo"", ""definition""]","[""Convert one hour to 3600 seconds."", ""Evaluate Q=1\u00d73600=3600 C.""]",discrete-points,research/extractions/4PH1-2024-June-1-standard.json#4PH1-2024-June-1-standard.Q11.a,[],[],"[{""description"": ""Multiplying 1 A by 1 hour and reporting 1 coulomb."", ""origin"": ""agent-inferred""}]",[],source-checked,agent-reviewed,agent-reviewed,Codex Astra,agent,false,,physics-detailed-2026-09-11,2026-09-11
4PH1-2024-June-1-standard.Q11.b.i,4PH1-2024-June-1-standard,11.b.i,,leaf,,,[27],"[{""documentId"": ""4PH1-2024-June-1-standard-qp"", ""pdfPages"": [27]}]",[15],Calculate,3,[],Rearrange Q=It; Convert seconds to minutes,Find charging time for 3800 C transferred at a constant 2.4 A; answer in minutes.,"[""scenario""]","[""Substitute or rearrange t=Q/I."", ""Evaluate seconds, then divide by 60.""]",discrete-points,research/extractions/4PH1-2024-June-1-standard.json#4PH1-2024-June-1-standard.Q11.b.i,"[""Scheme permits 1600, 1580 or 1583\u2026 seconds and 26\u201327 minutes.""]","[""Mark steps independently and apply error carried forward.""]","[{""description"": ""Leaving the result in seconds although minutes are requested."", ""origin"": ""scheme-reject-or-ignore""}]",[],source-checked,agent-reviewed,agent-reviewed,Codex Astra,agent,false,,physics-detailed-2026-09-11,2026-09-11
4PH1-2024-June-1-standard.Q11.b.ii,4PH1-2024-June-1-standard,11.b.ii,,leaf,,,[27],"[{""documentId"": ""4PH1-2024-June-1-standard-qp"", ""pdfPages"": [27]}]",[15],Suggest,2,[],Resistance affects current; Charging time for a fixed charge,Predict the effect of a longer connecting cable compared with a short cable in the source's simple resistance model.,"[""scenario""]","[""Longer comparable cable has greater resistance."", ""Current decreases and time to transfer the required charge increases.""]",discrete-points,research/extractions/4PH1-2024-June-1-standard.json#4PH1-2024-June-1-standard.Q11.b.ii,[],"[""Ignore longer distance alone."", ""This is a comparison scenario; do not carry the earlier fixed 2.4 A condition into a claim that cable current is simultaneously unchanged and reduced.""]","[{""description"": ""Only saying electrons have further to travel."", ""origin"": ""scheme-reject-or-ignore""}]",[],source-checked,agent-reviewed,agent-reviewed,Codex Astra,agent,false,Cable-model assumptions and two-idea marking criterion need calibration before activation.,physics-detailed-2026-09-11,2026-09-11
4PH1-2024-June-1-standard.Q11.c,4PH1-2024-June-1-standard,11.c,,leaf,,,[28],"[{""documentId"": ""4PH1-2024-June-1-standard-qp"", ""pdfPages"": [28]}]",[15],Determine,4,[],Charge budgeting; Frequency-weighted totals; Evaluate assumptions,"Compare a 26.8 Ah bank with three devices requiring 2.4 Ah daily, 4.2 Ah once, and 6.8 Ah once over one week.","[""table"", ""scenario""]","[""Calculate seven daily charges plus the two weekly charges: 27.8 Ah."", ""Compare with 26.8 Ah: short by 1.0 Ah for complete-flat recharging."", ""State insufficiency under that model; source also credits three practical qualifications.""]",discrete-points,research/extractions/4PH1-2024-June-1-standard.json#4PH1-2024-June-1-standard.Q11.c,"[""27.8 Ah or 100080 C accepted for total charge."", ""Allow 27.8>26.8 or a 1 Ah shortfall."", ""Allow partially charged devices, reduced use, or recharging the bank during the trip.""]","[""Source explicitly allows error carried forward from the total into the insufficiency conclusion.""]","[{""description"": ""Counting only one recharge of daily-use device A."", ""origin"": ""agent-inferred""}, {""description"": ""Treating practical caveats as proof that full empty-device recharge is possible with the given charge budget."", ""origin"": ""agent-inferred""}]",[],source-checked,agent-reviewed,agent-reviewed,Codex Astra,agent,false,"Evaluation caveats, ECF and the ideal charge-budget assumptions need calibration before activation.",physics-detailed-2026-09-11,2026-09-11
4MB1-2024-summer-01-candidate.Q15.a,4MB1-2024-summer-01-candidate,15.a,,leaf,,,[12],"[{""documentId"":""4MB1-2024-summer-01-candidate-qp"",""pdfPages"":[12]}]",[14],Factorise fully,2,[],Common numerical and variable factors; Distributive law; Complete factorisation,Factor a two-term expression sharing a numerical coefficient and one variable.,"[""algebraic-expression""]","[""The coefficient common factor is 6 and both terms contain a."",""Divide both terms by 6a to obtain 1 and 4b."",""The fully factorised expression is 6a(1 + 4b); expansion restores 6a + 24ab.""]",method-marks,research/extractions/4MB1-2024-summer-01.json#4MB1-2024-summer-01-candidate.Q15.a,"[""Equivalent order of the outside factors or bracket terms."",""Scheme examples of partial credit include 6(a + 4ab), a(6 + 24b), 3a(2 + 8b), 2a(3 + 12b), 3(2a + 8ab) and 2(3a + 12ab).""]","[""A correct final factorisation normally earns both marks without separate working under scheme page 4."",""Do not repeatedly penalise one omitted common factor."",""No routine transfer of marks from part (b); scheme page 5 separates parts.""]","[{""description"":""Extracting only a numerical or variable factor and stopping before full factorisation."",""origin"":""scheme"",""sourceRefs"":[{""documentId"":""4MB1-2024-summer-01-candidate-ms"",""pdfPages"":[14]}]},{""description"":""Replacing the quotient of a term by itself with 0 instead of 1."",""origin"":""editorial""}]",[],source-checked,agent-reviewed,agent-reviewed,Codex,agent,false,"Generative family, varied partial-response calibration and parser/AI assessment are not implemented for this task.",maths-detailed-2026-10-04,2026-09-30
4MB1-2024-summer-01-candidate.Q15.b,4MB1-2024-summer-01-candidate,15.b,,leaf,,,[12],"[{""documentId"":""4MB1-2024-summer-01-candidate-qp"",""pdfPages"":[12]}]",[14],Factorise fully,2,[],Quadratic factorisation; Signs of factor pairs; Expansion to check coefficients,Factor a monic quadratic whose two linear factors have integer constants.,"[""algebraic-expression""]","[""Find constants with product 12 and sum −7: −3 and −4."",""The result is (x − 3)(x − 4)."",""Expansion gives x² − 7x + 12; reversing the brackets gives the same product.""]",discrete-points,research/extractions/4MB1-2024-summer-01.json#4MB1-2024-summer-01-candidate.Q15.b,"[""(x − 4)(x − 3)."",""(−x + 4)(−x + 3), explicitly accepted in the source."",""Reordering equivalent factors or their terms preserves the correct product.""]","[""The task-specific scheme says to use the answer line; if it is empty, use the final line of working."",""Do not ignore subsequent working for this part. A formerly correct line is not automatically the assessed response when replaced by another final answer."",""The task-specific answer-location rule overrides a generic policy that selects the best intermediate algebraic line. Ambiguous transcription or multiple competing final answers should be reviewed.""]","[{""description"":""A bracket product with only two correct expanded terms earns partial credit, rather than full credit for the appearance of two brackets."",""origin"":""scheme"",""sourceRefs"":[{""documentId"":""4MB1-2024-summer-01-candidate-ms"",""pdfPages"":[14]}]},{""description"":""Giving only roots instead of a factorised expression."",""origin"":""editorial""},{""description"":""Choosing positive constants that give the wrong middle-term sign."",""origin"":""editorial""}]",[],source-checked,agent-reviewed,agent-reviewed,Codex,agent,false,"A separate provisional family and bounded offline generator/marker now exist; full adaptation, notation, learner-response and final-answer calibration remain pending.",maths-detailed-2026-10-04,2026-09-30
4MB1-2024-summer-01-candidate.Q16,4MB1-2024-summer-01-candidate,16,,leaf,,,[12],"[{""documentId"":""4MB1-2024-summer-01-candidate-qp"",""pdfPages"":[12]}]",[15],Evaluate,4,[],Mixed numbers and improper fractions; Multiplication of fractions; Common-denominator addition; Simplest mixed-number form; Explicit non-calculator working,"Evaluate an addition outside a product of two mixed numbers, showing non-calculator steps and finishing with a simplified mixed number.","[""algebraic-expression""]","[""Convert the mixed numbers to 15/8 and 14/5, or write their two bracketed sums."",""Show multiplication using (15 × 14)/(8 × 5) = 210/40, or cancellation to (3/4) × (7/1), before obtaining 21/4."",""Use a common denominator: 1/6 + 21/4 = 2/12 + 63/12 = 65/12."",""Convert the correct improper fraction to the simplified mixed number 5 + 5/12.""]",method-marks,research/extractions/4MB1-2024-summer-01.json#4MB1-2024-summer-01-candidate.Q16,"[""Use bracket expansion of (1 + 7/8)(2 + 4/5) instead of improper-fraction multiplication."",""Cross-cancel factors before multiplying, while displaying the multiplication method."",""Use any valid common multiple as denominator, including 24, 48 or 120; the scheme shows equivalent routes."",""Retain the whole-number part while adding the fractional remainder, provided the required correct improper fraction is subsequently shown for the accuracy mark.""]","[""The instruction to show all working makes final-answer-only inference inappropriate for this task."",""The multiplication method mark depends on the correct initial representation; the addition method mark is independent."",""The final accuracy mark depends on all three method marks and visible correct improper-fraction evidence."",""No mark from one of the four criteria may be counted more than once, even if both alternative routes are shown.""]","[{""description"":""Showing only the simplified product 21/4 omits the multiplication evidence explicitly required for the second method mark."",""origin"":""scheme"",""sourceRefs"":[{""documentId"":""4MB1-2024-summer-01-candidate-ms"",""pdfPages"":[15]}]},{""description"":""A correct mixed-number answer without the required method and improper-fraction evidence cannot be assumed to earn full marks."",""origin"":""scheme"",""sourceRefs"":[{""documentId"":""4MB1-2024-summer-01-candidate-ms"",""pdfPages"":[15]}]},{""description"":""Adding numerators and denominators directly, or treating a mixed number as a product of its whole and fractional parts."",""origin"":""editorial""}]",[],source-checked,agent-reviewed,agent-reviewed,Codex,agent,false,A generative family and calibrated explicit-working assessment remain unimplemented.,maths-detailed-2026-10-04,2026-09-30
4MB1-2024-summer-01-candidate.Q17,4MB1-2024-summer-01-candidate,17,,leaf,,,[13],"[{""documentId"":""4MB1-2024-summer-01-candidate-qp"",""pdfPages"":[13]}]",[16],Calculate,4,[],Arithmetic mean; Recovering totals from a mean and count; Removing a subgroup total; Dependent method marks,Recover the mean mass of one colour of fruit from the overall mass and the mean of the other colour after one item was removed.,"[""written-scenario""]","[""Nine remaining green apples have total mass 9 × 154 = 1386 g."",""Add the removed green apple: 1386 + 148 = 1534 g for the original ten green apples."",""Subtract from the total: 2394 − 1534 = 860 g for eight red apples."",""The red mean is 860 ÷ 8 = 107.5 g; the source also accepts 108 g.""]",method-marks,research/extractions/4MB1-2024-summer-01.json#4MB1-2024-summer-01-candidate.Q17,"[""Use either the remaining-nine or original-ten green total."",""Use an equation with r as the red mean instead of computing subgroup totals separately."",""108 is a published accepted rounding, not a newly inferred tolerance.""]","[""The second M depends on the first; the third depends on both earlier M marks."",""The scheme labels the result cas: a correct answer normally implies full credit unless the shown working is obviously incorrect."",""The historical allowance of 108 must not be expanded into a generic rounding interval without calibration.""]","[{""description"":""Subtracting only the remaining nine green masses and forgetting the removed green apple."",""origin"":""editorial""},{""description"":""Dividing the red total by the green count instead of eight."",""origin"":""editorial""}]",[],source-checked,agent-reviewed,agent-reviewed,Codex,agent,false,"No generated family, answer-range policy or partial-working calibration implemented.",maths-detailed-2026-10-04,2026-10-01
4MB1-2024-summer-01-candidate.Q18,4MB1-2024-summer-01-candidate,18,,leaf,,,[14],"[{""documentId"":""4MB1-2024-summer-01-candidate-qp"",""pdfPages"":[14]}]",[17],Find,4,[],Interior/exterior polygon angles; Linear equations; Regular polygon side count; Alternative method routes,Find the side count of a regular polygon from two angle expressions involving one variable.,"[""written-scenario""]","[""Adjacent interior and exterior angles sum to 180°: 2x + (x − 54)/2 = 180."",""Multiply by 2 and collect terms: 5x = 414, so x = 82.8."",""The exterior angle is (82.8 − 54)/2 = 14.4°."",""There are 360 ÷ 14.4 = 25 sides.""]",method-marks,research/extractions/4MB1-2024-summer-01.json#4MB1-2024-summer-01-candidate.Q18,"[""Use n = 360/(180 − 2x) after finding x."",""Use the interior-angle formula 2x = 180(n − 2)/n."",""Form two equations in x and n and eliminate one unknown; the source gives a separate alternative route with the same four-mark maximum.""]","[""Do not add the two alternative routes to make eight marks."",""The second method mark implies the first; the third has its own source condition concerning the candidate x."",""A correct n normally receives full credit under cas unless obtained from obviously incorrect working.""]","[{""description"":""Using 360° for the sum of one interior angle and its adjacent exterior angle."",""origin"":""editorial""},{""description"":""Returning x rather than the number of sides."",""origin"":""editorial""}]",[],source-checked,agent-reviewed,agent-reviewed,Codex,agent,false,Alternative-route and follow-through calibration remain pending; no active family or automated marker.,maths-detailed-2026-10-04,2026-10-01
4MB1-2024-summer-01-candidate.Q19,4MB1-2024-summer-01-candidate,19,,leaf,,,[15],"[{""documentId"":""4MB1-2024-summer-01-candidate-qp"",""pdfPages"":[15]}]",[18],Find,3,[],Inverse variation; Cube roots; Finding a proportionality constant,Use inverse cube-root variation to find a new dependent value; the exact model has an unresolved mismatch with the obtained specification list.,"[""algebraic-expression""]","[""Write y = k/∛x."",""With x = 3.375 and y = 6, ∛3.375 = 1.5, so k = 6 × 1.5 = 9."",""For x = 64, ∛64 = 4, giving y = 9/4 = 2.25.""]",method-marks,research/extractions/4MB1-2024-summer-01.json#4MB1-2024-summer-01-candidate.Q19,"[""Use a different constant letter or equivalent fractional-index notation."",""Use equivalent exact answer 9/4."",""The historical scheme gives a separate SC B1 for an answer rounding to 3.6 or 16; this is not full credit and must not be added as a fourth mark.""]","[""The second method mark implies the first."",""Special-case credit is a fallback, not an extra mark added to the ordinary three-mark route."",""The reason given for the special-case 3.6 is inconsistent with consistently evaluating the printed inverse-cube model; retain the source concession without inventing an automatic explanation.""]","[{""description"":""Using direct cube-root variation gives 16, for which the historical scheme allows special-case credit only."",""origin"":""scheme"",""sourceRefs"":[{""documentId"":""4MB1-2024-summer-01-candidate-ms"",""pdfPages"":[18]}]}]",[],source-checked,agent-reviewed,agent-reviewed,Codex,agent,false,"Unresolved specification scope: Q19 uses inverse cube roots, absent from the explicit list in obtained Issue 1 row 4G. A series amendment or authoritative clarification is needed before curriculum/template eligibility.; Published SC B1 value 3.6 and its inverse-cube explanation need clarification; do not turn this into a generated marking rule.; No generative family or calibrated marker implemented.",maths-detailed-2026-10-04,2026-10-01
4MB1-2024-summer-01-candidate.Q20,4MB1-2024-summer-01-candidate,20,,leaf,,,[15],"[{""documentId"":""4MB1-2024-summer-01-candidate-qp"",""pdfPages"":[15]}]",[18],Show that,4,[],Exact surd manipulation; Squaring a binomial; Conjugate rationalisation; Showing non-calculator working,Simplify a squared surd numerator over a binomial surd denominator into the requested exact form.,"[""algebraic-expression""]","[""Simplify the numerator: √27 + √3 = 4√3, so its square is 48."",""Write the denominator as 3(√5 + 1), giving 16/(√5 + 1)."",""Multiply by (√5 − 1)/(√5 − 1), so the denominator becomes 5 − 1 = 4."",""The expression becomes 4(√5 − 1) = 4√5 − 4, so a = 4 and b = 5.""]",method-marks,research/extractions/4MB1-2024-summer-01.json#4MB1-2024-summer-01-candidate.Q20,"[""Rationalise with √45 − 3, 3√5 − 3 or √5 − 1 after equivalent prior simplification."",""Use the negative of a conjugate in both numerator and denominator."",""Rationalise before simplifying the original numerator, preserving the required evidence.""]","[""The final accuracy mark explicitly depends on all three method marks."",""The second and third method marks may appear earlier; assessment must not demand one fixed line order."",""The task-specific working-required instruction overrides generic cas scoring."",""A final decimal approximation does not demonstrate the requested exact form.""]","[{""description"":""Dropping the cross term when squaring the numerator."",""origin"":""editorial""},{""description"":""Multiplying only the denominator by the conjugate."",""origin"":""editorial""},{""description"":""Treating the two alternatives for the third M mark as separate marks."",""origin"":""scheme"",""sourceRefs"":[{""documentId"":""4MB1-2024-summer-01-candidate-ms"",""pdfPages"":[18]}]}]",[],source-checked,agent-reviewed,agent-reviewed,Codex,agent,false,No generated family or calibrated explicit-working assessment implemented.,maths-detailed-2026-10-04,2026-10-01
4MB1-2024-summer-01-candidate.Q21,4MB1-2024-summer-01-candidate,21,,leaf,,,[16],"[{""documentId"":""4MB1-2024-summer-01-candidate-qp"",""pdfPages"":[16]}]",[19],Calculate,4,[],Rounding intervals from significant figures; Time equals distance divided by speed; Upper bound of a difference; Required working and decimal precision,Maximise the difference between two journey times using rounded distances and speeds.,"[""written-scenario""]","[""The rounding intervals are 105 ≤ x < 115, 85 ≤ a < 95, 34.5 ≤ y < 35.5 and 55 ≤ b < 65."",""Maximise x/a and minimise y/b before subtracting: use x upper/a lower − y lower/b upper."",""The upper bound is 115/85 − 34.5/65 = 1817/2210 ≈ 0.822171946 hours."",""The requested three-decimal answer is 0.822 hours. The upper bound need not be attained because some interval endpoints are open.""]",method-marks,research/extractions/4MB1-2024-summer-01.json#4MB1-2024-summer-01-candidate.Q21,"[""Equivalent exact expression for 115/85 − 34.5/65 before rounding."",""Endpoint expressions using recurring nines as explicitly allowed in the source; do not confuse recurring decimals with arbitrary truncated finite decimals."",""The source result concession rounds to 0.82 although the question asks for three decimal places.""]","[""The final accuracy mark explicitly depends on all three M marks and visible correct-figure calculation."",""The three method criteria are not labelled as sequentially dependent; do not invent dependencies between them."",""The upper bound of a difference uses maximum first quantity minus minimum second quantity, not the difference of two upper bounds."",""Generic answer-only full credit does not apply: the question and scheme require working.""]","[{""description"":""Using upper bounds for both journey times before subtraction."",""origin"":""editorial""},{""description"":""Copying the swapped x/a labels in the first scheme row rather than applying the question rounding information."",""origin"":""scheme"",""sourceRefs"":[{""documentId"":""4MB1-2024-summer-01-candidate-ms"",""pdfPages"":[19]}]}]",[],source-checked,agent-reviewed,agent-reviewed,Codex,agent,false,"Swapped x/a bounds in the source first row need an explicit editorial/source resolution before generated marking; no publisher clarification obtained.; No template family, rounding-policy calibration or explicit-working marker implemented.",maths-detailed-2026-10-04,2026-10-01
4MB1-2024-summer-01-candidate.Q22,4MB1-2024-summer-01-candidate,22,,leaf,,,[17],"[{""documentId"":""4MB1-2024-summer-01-candidate-qp"",""pdfPages"":[17]}]",[20],Express,4,[],Subtracting rational expressions; Quadratic factorisation; Reciprocal of a divisor; Factor cancellation; Original-domain restrictions,"Combine two algebraic fractions, divide by a rational expression and simplify to a single fraction with clear algebraic working.","[""algebraic-expression""]","[""Factor 12x² + 7x − 10 = (4x + 5)(3x − 2)."",""Combine the difference: [2(x + 4) − 3(3x − 2)]/[(3x − 2)(x + 4)] = (14 − 7x)/[(3x − 2)(x + 4)]."",""Multiply by the reciprocal (4x + 5)(3x − 2)/(7x − 14)."",""Since 14 − 7x = −7(x − 2), cancellation gives −(4x + 5)/(x + 4)."",""For algebraic equivalence, retain exclusions x ≠ 2/3, −4, −5/4, 2 from original denominators and the non-zero divisor; the scheme does not allocate a separate mark for listing these exclusions.""]",method-marks,research/extractions/4MB1-2024-summer-01.json#4MB1-2024-summer-01-candidate.Q22,"[""Put the negative sign outside the fraction, in the numerator or in the denominator, maintaining equivalence."",""Combine over a common denominator after multiplying by the reciprocal."",""Use an unexpanded correct numerator; if expanded, the source permits one sign error for the common-denominator method mark.""]","[""The source explicitly permits the method marks in any order; criterion order here is storage order only."",""The reciprocal method mark is independent; do not make it depend on a correct earlier subtraction."",""The first M can be earned by a two-term-correct factorisation, rather than requiring all three terms."",""Working is required. The general accuracy/method distinction applies; no uncalibrated automatic interpretation of contradictory algebra.""]","[{""description"":""Multiplying by the divisor instead of its reciprocal."",""origin"":""editorial""},{""description"":""Cancelling terms in a sum rather than common factors."",""origin"":""editorial""},{""description"":""Losing the negative sign because 14 − 7x and 7x − 14 are opposites."",""origin"":""editorial""}]",[],source-checked,agent-reviewed,agent-reviewed,Codex,agent,false,No generated family or partial-algebra calibration; source allowances must survive any marker design.,maths-detailed-2026-10-04,2026-10-01
4MB1-2024-summer-01-candidate.Q1.a,4MB1-2024-summer-01-candidate,1.a,,leaf,,,[2],"[{""documentId"":""4MB1-2024-summer-01-candidate-qp"",""pdfPages"":[2]}]",[6],Write,1,[],Rounding to significant figures; Place value,Round a four-digit positive integer to two significant figures.,"[""numeric-expression""]","[""The first two significant digits are 7 and 4; the next digit is 3."",""Retain 74 and replace the remaining place values with zeros: 7400.""]",accuracy-mark,research/extractions/4MB1-2024-summer-01.json#4MB1-2024-summer-01-candidate.Q1.a,"[""7.4 × 10³"",""7.400 × 10³"",""74 × 10²"",""740 × 10¹""]","[""This single B mark is independent of part (b)."",""Source acceptance of 7.400 × 10³ is a historical marking concession; teach the requested two-significant-figure presentation.""]","[{""description"":""Dropping place-value zeros and writing 74."",""origin"":""editorial""}]",[],source-checked,agent-reviewed,agent-reviewed,Codex,agent,false,No calibrated rounding family or notation parser implemented.,maths-detailed-2026-10-04,2026-10-01
4MB1-2024-summer-01-candidate.Q1.b,4MB1-2024-summer-01-candidate,1.b,,leaf,,,[2],"[{""documentId"":""4MB1-2024-summer-01-candidate-qp"",""pdfPages"":[2]}]",[6],Write,1,[],Rounding to decimal places; Place value in decimals,Round a positive decimal below one to two decimal places.,"[""numeric-expression""]","[""The hundredths digit is 3 and the next digit is 7."",""Round up to 0.04. Leading zeros are place holders, not extra significant digits.""]",accuracy-mark,research/extractions/4MB1-2024-summer-01.json#4MB1-2024-summer-01-candidate.Q1.b,"[""4 × 10⁻²""]","[""This single B mark is independent of part (a)."",""Use decimal places, not significant figures.""]","[{""description"":""Returning 0.037 as two significant figures instead of two decimal places."",""origin"":""editorial""}]",[],source-checked,agent-reviewed,agent-reviewed,Codex,agent,false,No calibrated decimal-rounding family or notation parser implemented.,maths-detailed-2026-10-04,2026-10-01
4MB1-2024-summer-01-candidate.Q2,4MB1-2024-summer-01-candidate,2,,leaf,,,[2],"[{""documentId"":""4MB1-2024-summer-01-candidate-qp"",""pdfPages"":[2]}]",[6],Find,2,[],Substitution; Order of operations; Signed arithmetic,Substitute a positive integer into a quadratic numerical expression and evaluate.,"[""algebraic-expression""]","[""Substitute 7 everywhere: (3 − 2 × 7²)/2 + 5 × 7."",""Evaluate the power before multiplication: (3 − 98)/2 + 35."",""Compute −95/2 + 35 = −25/2 = −12.5.""]",method-marks,research/extractions/4MB1-2024-summer-01.json#4MB1-2024-summer-01-candidate.Q2,"[""−25/2"",""Equivalent exact numerical value of −12.5, subject to the scheme’s incorrect-working rule.""]","[""The scheme marks this task cas: a correct answer can imply both marks unless produced by obviously incorrect working."",""A wrong final answer does not erase the source-specific permission to retain valid −25/2 before an incorrect simplification."",""Method and accuracy are not independent: the final A mark follows a valid method, which a correct result may imply.""]","[{""description"":""Squaring 2k rather than k alone."",""origin"":""editorial""},{""description"":""Dividing the final 5k term by 2 even though it is outside the fraction."",""origin"":""editorial""}]",[],source-checked,agent-reviewed,agent-reviewed,Codex,agent,false,No generated family or calibrated marker for substitution and subsequent-work handling.,maths-detailed-2026-10-04,2026-10-01
4MB1-2024-summer-01-candidate.Q3,4MB1-2024-summer-01-candidate,3,,leaf,,,[3],"[{""documentId"":""4MB1-2024-summer-01-candidate-qp"",""pdfPages"":[3]}]",[7],Calculate,3,[],Pythagoras theorem; Perpendicular distance between parallel sides; Area of a trapezium,Find the area of a right-angled trapezium from its two vertical parallel sides and a sloping top.,"[""geometry-diagram""]","[""AD and BC are parallel because both are perpendicular to AB. The vertical difference between D and C is 12 − 6 = 6 cm."",""Use the right triangle with hypotenuse CD: AB² = 8.7² − 6² = 39.69, hence AB = 6.3 cm."",""The perpendicular distance between the parallel sides is AB, not CD. Area = (12 + 6) × 6.3 / 2 = 56.7 cm².""]",method-marks,research/extractions/4MB1-2024-summer-01.json#4MB1-2024-summer-01-candidate.Q3,"[""Rectangle plus triangle: 6AB + (12 − 6)AB/2."",""Larger rectangle minus triangle: 12AB − (12 − 6)AB/2."",""A complete valid trigonometric method for AB earns the width method mark; printed alternative labels require the separate source caveat.""]","[""The area method can earn credit using the candidate’s width even when the first method mark is not earned; the stated width exclusions remain."",""A correct answer may imply the methods unless obtained through obviously incorrect working."",""Do not allocate extra marks for completing multiple alternative methods.""]","[{""description"":""Using the sloping side 8.7 as the perpendicular trapezium width."",""origin"":""scheme"",""sourceRefs"":[{""documentId"":""4MB1-2024-summer-01-candidate-ms"",""pdfPages"":[7]}]},{""description"":""Treating 6.3 as AB² rather than AB."",""origin"":""editorial""}]",[],source-checked,agent-reviewed,agent-reviewed,Codex,agent,false,"Printed intermediate/alternative labels need explicit editorial review before generated reuse; no publisher clarification obtained.; No calibrated family, diagram contract or marker for candidate-width follow-through.",maths-detailed-2026-10-04,2026-10-02
4MB1-2024-summer-01-candidate.Q4.a,4MB1-2024-summer-01-candidate,4.a,,leaf,,,[4],"[{""documentId"":""4MB1-2024-summer-01-candidate-qp"",""pdfPages"":[4]}]",[8],Calculate,1,[],Entrywise matrix addition; Signed arithmetic,Add two given two-by-two matrices entry by entry.,"[""matrices""]","[""Add corresponding entries: 3 + (−2) = 1, −2 + (−4) = −6, −5 + (−4) = −9, 1 + 2 = 3."",""The sum is [[1, −6], [−9, 3]].""]",accuracy-mark,research/extractions/4MB1-2024-summer-01.json#4MB1-2024-summer-01-candidate.Q4.a,"[""Equivalent conventional bracket style preserving all four entries and their positions.""]","[""Independent of part (b). No partial-entry credit is specified for this one-mark part.""]","[{""description"":""Multiplying rows and columns instead of adding corresponding entries."",""origin"":""editorial""}]",[],source-checked,agent-reviewed,agent-reviewed,Codex,agent,false,No matrix-response parser or calibrated generated family.,maths-detailed-2026-10-04,2026-10-02
4MB1-2024-summer-01-candidate.Q4.b,4MB1-2024-summer-01-candidate,4.b,,leaf,,,[4],"[{""documentId"":""4MB1-2024-summer-01-candidate-qp"",""pdfPages"":[4]}]",[8],Find,2,[],Scalar matrix multiplication; Equality of corresponding entries; Linear equations,"Find a scalar n from nA − 2B = C, with A and B supplied in the question.","[""matrices"",""matrix-equation""]","[""Equate any corresponding entry; the top left gives 3n − 2(−2) = 13."",""Solve 3n + 4 = 13 to get n = 3."",""Check all entries: 3A − 2B = [[13, 2], [−7, −1]].""]",method-marks,research/extractions/4MB1-2024-summer-01.json#4MB1-2024-summer-01-candidate.Q4.b,"[""Use any one corresponding entry to form and solve a valid equation."",""Correct whole-matrix setup is sufficient for the source method mark even before a scalar equation is written.""]","[""Do not require all four scalar equations for a single method mark."",""Part (b) uses the original A and B, not the candidate’s answer to part (a).""]","[{""description"":""Losing the negative sign when subtracting 2B."",""origin"":""editorial""}]",[],source-checked,agent-reviewed,agent-reviewed,Codex,agent,false,No calibrated matrix-equation family or marker.,maths-detailed-2026-10-04,2026-10-02
4MB1-2024-summer-01-candidate.Q5,4MB1-2024-summer-01-candidate,5,,leaf,,,[5],"[{""documentId"":""4MB1-2024-summer-01-candidate-qp"",""pdfPages"":[5]}]",[8],Find,3,[],Gradient from two coordinates; Straight-line equation; Substitution to find intercept,Find the line through two given points and express its equation in slope-intercept form.,"[""coordinate-pairs""]","[""Keep subtraction order consistent: m = (6 − (−14))/(−3 − 2) = 20/(−5) = −4."",""Substitute either point: −14 = −4 × 2 + c gives c = −6."",""The requested equation is y = −4x − 6; it also gives y = 6 at x = −3.""]",method-marks,research/extractions/4MB1-2024-summer-01.json#4MB1-2024-summer-01-candidate.Q5,"[""Reverse both subtraction orders when computing the gradient."",""Use either point in y = mx + c."",""Use point-slope form as intermediate working, then rearrange to the requested form.""]","[""The intercept method is not automatically lost after an incorrect gradient; preserve the stated candidate-gradient condition."",""A correct answer earns full marks under cas unless derived through obviously incorrect working."",""A correct equation in a different form can earn method credit but does not automatically satisfy the final requested-form mark.""]","[{""description"":""Reversing the subtraction order in only the numerator or denominator."",""origin"":""editorial""},{""description"":""Reading the y-coordinate of a supplied point as the intercept when x is not zero."",""origin"":""editorial""}]",[],source-checked,agent-reviewed,agent-reviewed,Codex,agent,false,No calibrated line-equation family or partial-working marker.,maths-detailed-2026-10-04,2026-10-02
4MB1-2024-summer-01-candidate.Q6.a,4MB1-2024-summer-01-candidate,6.a,,leaf,,,[5],"[{""documentId"":""4MB1-2024-summer-01-candidate-qp"",""pdfPages"":[5]}]",[9],Solve,2,[],Linear inequalities; Sign reversal on division by a negative,Solve an inequality with the variable on both sides.,"[""inequality""]","[""3w − 4 ≤ 8w + 11 gives −5w ≤ 15."",""Divide by −5 and reverse the inequality: w ≥ −3.""]",method-marks,research/extractions/4MB1-2024-summer-01.json#4MB1-2024-summer-01-candidate.Q6.a,"[""−3 ≤ w"",""Equivalent rearrangements before dividing.""]","[""The method concession does not make an incorrect final inequality correct."",""Correct answer may imply the method unless obtained through obviously incorrect working.""]","[{""description"":""Failing to reverse the relation after division by −5."",""origin"":""editorial""}]",[],source-checked,agent-reviewed,agent-reviewed,Codex,agent,false,No calibrated generated family or marker for this task.,maths-detailed-2026-10-04,2026-10-02
4MB1-2024-summer-01-candidate.Q6.b,4MB1-2024-summer-01-candidate,6.b,,leaf,,,[5],"[{""documentId"":""4MB1-2024-summer-01-candidate-qp"",""pdfPages"":[5]}]",[9],Show,2,[],Strict and inclusive endpoints; Bounded intervals,Represent a supplied interval on a printed number line.,"[""number-line""]","[""Draw one finite segment joining −4 to 2."",""Use an open circle at −4 and a filled circle at 2.""]",method-marks,research/extractions/4MB1-2024-summer-01.json#4MB1-2024-summer-01-candidate.Q6.b,"[""Equivalent open/filled endpoint symbols on the supplied number line.""]","[""The accuracy mark requires both correct endpoints and the correct connecting segment."",""The task asks for a diagram; a rewritten inequality alone is not the requested evidence.""]","[{""description"":""Drawing outward arrows instead of a bounded segment."",""origin"":""scheme"",""sourceRefs"":[{""documentId"":""4MB1-2024-summer-01-candidate-ms"",""pdfPages"":[9]}]}]",[],source-checked,agent-reviewed,agent-reviewed,Codex,agent,false,No calibrated generated family or marker for this task.,maths-detailed-2026-10-04,2026-10-02
4MB1-2024-summer-01-candidate.Q7.a,4MB1-2024-summer-01-candidate,7.a,,leaf,,,[6],"[{""documentId"":""4MB1-2024-summer-01-candidate-qp"",""pdfPages"":[6]}]",[9],Simplify fully,2,[],Power of a product; Power of a power,Square a coefficient and two powers inside brackets.,"[""algebraic-expression""]","[""Square the coefficient: 3² = 9."",""Multiply each exponent by 2: a⁶ and b¹⁰."",""The result is 9a⁶b¹⁰.""]",accuracy-band,research/extractions/4MB1-2024-summer-01.json#4MB1-2024-summer-01-candidate.Q7.a,"[""Equivalent order of the same coefficient and powers.""]","[""Maximum two marks: the partial band is an alternative score, not extra credit."",""Part (a) marking is independent of part (b).""]","[{""description"":""Multiplying 3 by 2 instead of squaring it, while exponent multiplication may still earn partial credit."",""origin"":""editorial""}]",[],source-checked,agent-reviewed,agent-reviewed,Codex,agent,false,No calibrated generated family or marker for this task.,maths-detailed-2026-10-04,2026-10-02
4MB1-2024-summer-01-candidate.Q7.b,4MB1-2024-summer-01-candidate,7.b,,leaf,,,[6],"[{""documentId"":""4MB1-2024-summer-01-candidate-qp"",""pdfPages"":[6]}]",[9],Simplify fully,1,[],Negative indices; Fractional powers,Simplify a negative half power.,"[""algebraic-expression""]","[""A negative exponent gives a reciprocal: (4c)^(−1/2) = 1/√(4c)."",""For real c > 0, √(4c) = 2√c, so the result is 1/(2√c).""]",accuracy-mark,research/extractions/4MB1-2024-summer-01.json#4MB1-2024-summer-01-candidate.Q7.b,"[""(1/2)c^(−1/2)"",""1/(2√c)"",""1/(2c^(1/2))"",""0.5c^(−1/2)"",""1/√(4c)""]","[""One whole-answer B mark; no partial mark."",""c > 0 is the editorial real-domain condition, not a separate source mark.""]","[{""description"":""Interpreting the negative exponent as a negative coefficient."",""origin"":""editorial""}]",[],source-checked,agent-reviewed,agent-reviewed,Codex,agent,false,No calibrated generated family or marker for this task.,maths-detailed-2026-10-04,2026-10-02
4MB1-2024-summer-01-candidate.Q8,4MB1-2024-summer-01-candidate,8,,leaf,,,[6],"[{""documentId"":""4MB1-2024-summer-01-candidate-qp"",""pdfPages"":[6]}]",[9],Write down,2,[],Linear half-planes; Intersection of three regions,Read a shaded triangle bounded by the coordinate axes and y = 2x + 3.,"[""coordinate-graph"",""shaded-region""]","[""The shaded region lies left of the y-axis: x ≤ 0."",""It lies above the x-axis: y ≥ 0."",""It lies below the sloping line: y ≤ 2x + 3. All displayed boundaries are solid.""]",accuracy-band,research/extractions/4MB1-2024-summer-01.json#4MB1-2024-summer-01-candidate.Q8,"[""Equivalent inequalities with sides reversed."",""Strict variants are an explicit historical marking concession; teach inclusive boundaries for the solid diagram.""]","[""Maximum two marks for three inequalities; do not award three marks or add B1 to B2."",""Equality by itself does not define a half-plane and is explicitly not condoned.""]","[{""description"":""Giving boundary equations without choosing the allowed side."",""origin"":""scheme"",""sourceRefs"":[{""documentId"":""4MB1-2024-summer-01-candidate-ms"",""pdfPages"":[9]}]}]",[],source-checked,agent-reviewed,agent-reviewed,Codex,agent,false,No calibrated generated family or marker for this task.,maths-detailed-2026-10-04,2026-10-02
4MB1-2024-summer-01-candidate.Q9,4MB1-2024-summer-01-candidate,9,,leaf,,,[7],"[{""documentId"":""4MB1-2024-summer-01-candidate-qp"",""pdfPages"":[7]}]",[10],Find,3,[],Angles of depression; Right-triangle trigonometry; Significant figures,Find a vertical pole height from a horizontal distance and an angle of depression.,"[""geometry-diagram"",""written-scenario""]","[""The 10° depression from the top equals the elevation angle at A because the horizontal lines are parallel."",""tan 10° = BT/20, so BT = 20 tan 10° ≈ 3.526539614 m."",""To three significant figures the height is 3.53 m.""]",method-marks,research/extractions/4MB1-2024-summer-01.json#4MB1-2024-summer-01-candidate.Q9,"[""BT = 20/tan 80°."",""BT/sin 10° = 20/sin 80°."",""Find AT using cosine and then BT using Pythagoras."",""Historical rounding concessions listed in the accuracy criterion.""]","[""M2 and M1 are alternatives within a two-mark method band."",""The accuracy mark requires a fully correct method, which an acceptable cas result may imply; a wrong-angle method cannot earn full accuracy merely by an accidental result."",""A correct answer can earn full marks unless produced by obviously incorrect working.""]","[{""description"":""Measuring the angle of depression from the vertical rather than from the horizontal."",""origin"":""scheme"",""sourceRefs"":[{""documentId"":""4MB1-2024-summer-01-candidate-ms"",""pdfPages"":[10]}]}]",[],source-checked,agent-reviewed,agent-reviewed,Codex,agent,false,No generated diagram/angle contract or calibration of source-specific method and rounding allowances.,maths-detailed-2026-10-04,2026-10-02
4MB1-2024-summer-01-candidate.Q10,4MB1-2024-summer-01-candidate,10,,leaf,,,[8],"[{""documentId"":""4MB1-2024-summer-01-candidate-qp"",""pdfPages"":[8]}]",[10],Prove,3,[],Isosceles base angles; Midpoints of equal sides; SAS congruence,Prove two overlapping triangles congruent inside an isosceles triangle with side midpoints.,"[""geometry-diagram""]","[""MC = NB because M and N are midpoints of the equal sides AC and AB."",""BC is common to both triangles."",""Angle MCB = angle NBC because they are the base angles of isosceles triangle ABC, with M on AC and N on AB."",""The equal angle is included between the two equal side pairs, so triangles MCB and NBC are congruent by SAS.""]",method-marks,research/extractions/4MB1-2024-summer-01.json#4MB1-2024-summer-01-candidate.Q10,"[""Use angle ACB for MCB and angle ABC for NBC."",""Equivalent shortened reason wording retaining its mathematical meaning.""]","[""Method band maximum two; do not add M1 and M2."",""Final A1 requires all three correct facts and reasons plus SAS."",""The source labels this wr; generic answer-only cas rules do not apply.""]","[{""description"":""Stating SAS without identifying the matching sides and included angle with reasons."",""origin"":""editorial""}]",[],source-checked,agent-reviewed,agent-reviewed,Codex,agent,false,No proof-response semantic marker or alternative-proof calibration; no active generated family.,maths-detailed-2026-10-04,2026-10-02
4MB1-2024-summer-01-candidate.Q11,4MB1-2024-summer-01-candidate,11,,leaf,,,[9],"[{""documentId"":""4MB1-2024-summer-01-candidate-qp"",""pdfPages"":[9]}]",[11],Find,2,[],Find determinants and inverses of non-singular 2×2 matrices.,Invert a non-singular two-by-two matrix.,"[""matrix""]","[""For A = [[3,−2],[−5,1]], the determinant is 3×1 − (−2)(−5) = −7."",""Swap the diagonal entries and negate the other two: [[1,2],[5,3]]."",""Multiply by −1/7 to obtain [[−1/7,−2/7],[−5/7,−3/7]].""]",method-marks,research/extractions/4MB1-2024-summer-01.json#4MB1-2024-summer-01-candidate.Q11,"[""−(1/7)[[1,2],[5,3]]"",""Exact entrywise fractions.""]",[],[],[],source-checked,agent-reviewed,agent-reviewed,Codex,agent,false,Q11 decimal-sign concession requires editorial reconciliation before automated marking or generated reuse.; No calibrated inverse-matrix family.,maths-detailed-2026-10-04,2026-10-02
4MB1-2024-summer-01-candidate.Q12,4MB1-2024-summer-01-candidate,12,,leaf,,,[9],"[{""documentId"":""4MB1-2024-summer-01-candidate-qp"",""pdfPages"":[9]}]",[12],Make x the subject,3,[],Rearrange a formula to change its subject.,Rearrange a rational formula with x on both sides.,"[""algebraic-equation""]","[""Multiply x+3 = 4(x−1)/y by y and expand: xy+3y = 4x−4."",""Collect x terms: xy−4x = −4−3y."",""Factor and divide: x = (−4−3y)/(y−4) = (3y+4)/(4−y).""]",method-marks,research/extractions/4MB1-2024-summer-01.json#4MB1-2024-summer-01-candidate.Q12,"[""x = (−4−3y)/(y−4)"",""x = (3y+4)/(4−y)"",""x = (−4/y−3)/(1−4/y)""]","[""Second M1 permits specified follow-through; it is not conditional on the first M1."",""Original formula requires y ≠ 0; y = 4 gives a contradiction and no x. Domain observations are editorial, not additional marks.""]",[],[],source-checked,agent-reviewed,agent-reviewed,Codex,agent,false,No calibrated generated family or marker for this task.,maths-detailed-2026-10-04,2026-10-02
4MB1-2024-summer-01-candidate.Q13,4MB1-2024-summer-01-candidate,13,,leaf,,,[10],"[{""documentId"":""4MB1-2024-summer-01-candidate-qp"",""pdfPages"":[10]}]",[13],Calculate,3,[],Use tangent-radius perpendicularity and the perpendicular bisector property of a chord.; Apply Pythagoras in a constructed right triangle.; Subtract concentric circle areas.,Find an annulus area from a chord tangent to its inner circle.,"[""concentric-circle-diagram""]","[""The radius OD is perpendicular to tangent AB at D. The perpendicular from centre O bisects the outer-circle chord, so AD=DB=8 cm."",""With outer radius R and inner radius r, Pythagoras gives R²=r²+64."",""The shaded area is πR²−πr²=64π cm².""]",method-marks,research/extractions/4MB1-2024-summer-01.json#4MB1-2024-summer-01-candidate.Q13,"[""64π cm²"",""8²π cm²""]","[""Method two depends on method one; final accuracy depends on both."",""The explicit answer-only allowance is retained despite the question requesting working."",""A decimal approximation cannot earn the exact-answer A1.""]",[],[],source-checked,agent-reviewed,agent-reviewed,Codex,agent,false,No calibrated generated family or marker for this task.,maths-detailed-2026-10-04,2026-10-02
4MB1-2024-summer-01-candidate.Q14.a,4MB1-2024-summer-01-candidate,14.a,,leaf,,,[11],"[{""documentId"":""4MB1-2024-summer-01-candidate-qp"",""pdfPages"":[11]}]",[13],Find,2,[],Use prime factors to find the highest common factor.,Find the HCF of three integers with working.,"[""integer-list""]","[""90=2×3²×5; 132=2²×3×11; 432=2⁴×3³."",""The common prime factors with minimum powers give 2×3=6.""]",method-marks,research/extractions/4MB1-2024-summer-01.json#4MB1-2024-summer-01-candidate.Q14.a,"[""Correct factor trees or repeated common-factor division.""]","[""Working is explicitly required; apply the general wr rule.""]",[],[],source-checked,agent-reviewed,agent-reviewed,Codex,agent,false,No calibrated generated family or marker for this task.,maths-detailed-2026-10-04,2026-10-02
4MB1-2024-summer-01-candidate.Q14.b,4MB1-2024-summer-01-candidate,14.b,,leaf,,,[11],"[{""documentId"":""4MB1-2024-summer-01-candidate-qp"",""pdfPages"":[11]}]",[13],Find,2,[],"Relate HCF, LCM and prime factors in a constrained pair.",Find the smallest two positive integers with HCF 28 and LCM a multiple of 35.,"[""number-constraints""]","[""Both numbers are multiples of 28. The LCM must contain a factor 5, so at least one number is a multiple of 140."",""Choose 28 and 140: their HCF is 28 and their LCM is 140, a multiple of 35."",""No smaller first number than 28 or factor-5-containing second number than 140 can meet those conditions.""]",method-marks,research/extractions/4MB1-2024-summer-01.json#4MB1-2024-summer-01-candidate.Q14.b,"[""140 and 28 (pair order is immaterial).""]","[""If no ordinary marks have been awarded, SC B1 for an answer of 140; this alternative is capped at one and not added to ordinary marks."",""Correct pair can imply method under the source cas convention.""]",[],[],source-checked,agent-reviewed,agent-reviewed,Codex,agent,false,No calibrated generated family or marker for this task.,maths-detailed-2026-10-04,2026-10-02
4MB1-2024-summer-01-candidate.Q23.a,4MB1-2024-summer-01-candidate,23.a,,leaf,,,[18],"[{""documentId"":""4MB1-2024-summer-01-candidate-qp"",""pdfPages"":[18]}]",[21],Write down,1,[],Determine the modal class of grouped data.,Identify the modal distance class.,"[""grouped-frequency-table""]","[""The largest frequency is 22, so the modal class is 0 < d ≤ 2.""]",accuracy-mark,research/extractions/4MB1-2024-summer-01.json#4MB1-2024-summer-01-candidate.Q23.a,[],[],[],[],source-checked,agent-reviewed,agent-reviewed,Codex,agent,false,No calibrated generated family or marker for this task.,maths-detailed-2026-10-04,2026-10-04
4MB1-2024-summer-01-candidate.Q23.b,4MB1-2024-summer-01-candidate,23.b,,leaf,,,[18],"[{""documentId"":""4MB1-2024-summer-01-candidate-qp"",""pdfPages"":[18]}]",[21],Find,1,[],Determine the class containing the median of grouped data.,Identify the class containing the median distance.,"[""grouped-frequency-table""]","[""For 60 observations the two central positions are 30 and 31."",""Cumulative counts 22 then 35 put both in 2 < d ≤ 5.""]",accuracy-mark,research/extractions/4MB1-2024-summer-01.json#4MB1-2024-summer-01-candidate.Q23.b,[],[],[],[],source-checked,agent-reviewed,agent-reviewed,Codex,agent,false,No calibrated generated family or marker for this task.,maths-detailed-2026-10-04,2026-10-04
4MB1-2024-summer-01-candidate.Q23.c,4MB1-2024-summer-01-candidate,23.c,,leaf,,,[18],"[{""documentId"":""4MB1-2024-summer-01-candidate-qp"",""pdfPages"":[18]}]",[21],Calculate an estimate,4,[],Estimate a mean from grouped frequencies.,Estimate the mean distance with class midpoints.,"[""grouped-frequency-table""]","[""Midpoints are 1,3.5,7.5,15,30."",""Sum midpoint×frequency: 22+45.5+67.5+180+120=435."",""Divide by 60: estimated mean 7.25 km.""]",method-marks,research/extractions/4MB1-2024-summer-01.json#4MB1-2024-summer-01-candidate.Q23.c,"[""435/60 km"",""29/4 km""]","[""First band capped at two; M1 and M2 cannot be added."",""Division mark needs at least one midpoint-sum mark."",""Correct answer can imply methods unless obviously obtained incorrectly.""]",[],[],source-checked,agent-reviewed,agent-reviewed,Codex,agent,false,No calibrated generated family or marker for this task.,maths-detailed-2026-10-04,2026-10-04
4MB1-2024-summer-01-candidate.Q23.d,4MB1-2024-summer-01-candidate,23.d,,leaf,,,[18],"[{""documentId"":""4MB1-2024-summer-01-candidate-qp"",""pdfPages"":[18]}]",[21],Find,1,[],Use relative frequency and basic probability.,Find the probability of a distance greater than 10 km.,"[""grouped-frequency-table""]","[""There are 12+4=16 people above 10 km."",""Probability=16/60=4/15.""]",accuracy-mark,research/extractions/4MB1-2024-summer-01.json#4MB1-2024-summer-01-candidate.Q23.d,"[""16/60"",""4/15"",""Decimal equivalent; historical 0.26/0.27 allowance retained.""]","[""One accuracy mark; subsequent incorrect cancellation can be ignored only after a correct fraction is present.""]",[],[],source-checked,agent-reviewed,agent-reviewed,Codex,agent,false,No calibrated generated family or marker for this task.,maths-detailed-2026-10-04,2026-10-04
4MB1-2024-summer-01-candidate.Q24,4MB1-2024-summer-01-candidate,24,,leaf,,,[19],"[{""documentId"":""4MB1-2024-summer-01-candidate-qp"",""pdfPages"":[19]}]",[22],Calculate,5,[],"Relate length, area and volume scale factors for similar figures.",Find a smaller solid surface area from volumes and combined area.,"[""similar-solid-data""]","[""Volume ratio B:A=6480:30000=27:125. Linear ratio is 3:5, so surface area ratio is 9:25."",""Let B surface area S. Then A surface area is (25/9)S and (25/9)S+S=8432."",""S=(9/34)×8432=2232 mm².""]",method-marks,research/extractions/4MB1-2024-summer-01.json#4MB1-2024-summer-01-candidate.Q24,"[""A:B area ratio 25:9 and partitioning total area into 34 parts."",""Calculate A=6200 then subtract from 8432.""]","[""First band maximum two; historical incorrect-square route earns only the stated M1."",""Area equation may follow their scale factor if at least M1 was earned.""]",[],[],source-checked,agent-reviewed,agent-reviewed,Codex,agent,false,No calibrated generated family or marker for this task.,maths-detailed-2026-10-04,2026-10-04
4MB1-2024-summer-01-candidate.Q25,4MB1-2024-summer-01-candidate,25,,leaf,,,"[20,21]","[{""documentId"":""4MB1-2024-summer-01-candidate-qp"",""pdfPages"":[20,21]}]",[23],Find,6,[],Use the degree-based area of a sector.; Use external intersecting-chord/secant products.; Find a chord using right-triangle trigonometry.; Solve a quadratic and select a contextual root.,"Combine sector area, chord length and external secants to find a positive length.","[""circle-and-secants-diagram""]","[""Radius is 10; sector area 40π implies angle EOC=144°."",""Chord EC=20sin72°≈19.02113033 cm."",""External secants give BF×AF=CF×EF: 15(16+x)=x(x+EC)."",""Reduce to x²+(EC−15)x−240=0."",""Solve the quadratic, retaining the positive root ≈13.6112904334."",""As x is a length, reject the negative root; x=13.6 cm to one decimal place.""]",method-marks,research/extractions/4MB1-2024-summer-01.json#4MB1-2024-summer-01-candidate.Q25,"[""EC from cosine rule in isosceles triangle EOC."",""Equivalent quadratic with all signs reversed.""]","[""Fourth method depends on third; fifth depends on fourth."",""Final length rejects a simultaneous negative root; negative-only can still imply quadratic method credit as specified.""]",[],[],source-checked,agent-reviewed,agent-reviewed,Codex,agent,false,No calibrated generated family or marker for this task.,maths-detailed-2026-10-04,2026-10-04
4MB1-2024-summer-01-candidate.Q26.a.i,4MB1-2024-summer-01-candidate,26.a.i,,leaf,,,[22],"[{""documentId"":""4MB1-2024-summer-01-candidate-qp"",""pdfPages"":[22]}]",[24],Find,1,[],Find a difference of two vectors.,Find a displacement between two position vectors.,"[""vector-geometry-diagram""]","[""AB=OB−OA=5b−3a.""]",accuracy-mark,research/extractions/4MB1-2024-summer-01.json#4MB1-2024-summer-01-candidate.Q26.a.i,[],[],[],[],source-checked,agent-reviewed,agent-reviewed,Codex,agent,false,No calibrated generated family or marker for this task.,maths-detailed-2026-10-04,2026-10-04
4MB1-2024-summer-01-candidate.Q26.a.ii,4MB1-2024-summer-01-candidate,26.a.ii,,leaf,,,[22],"[{""documentId"":""4MB1-2024-summer-01-candidate-qp"",""pdfPages"":[22]}]",[24],Find,1,[],Find a sum of two vectors.,Find a position vector by following a path.,"[""vector-geometry-diagram""]","[""OQ=OB+BQ=5b+(6a−3b)=6a+2b.""]",accuracy-mark,research/extractions/4MB1-2024-summer-01.json#4MB1-2024-summer-01-candidate.Q26.a.ii,[],[],[],[],source-checked,agent-reviewed,agent-reviewed,Codex,agent,false,No calibrated generated family or marker for this task.,maths-detailed-2026-10-04,2026-10-04
4MB1-2024-summer-01-candidate.Q26.b,4MB1-2024-summer-01-candidate,26.b,,leaf,,,[23],"[{""documentId"":""4MB1-2024-summer-01-candidate-qp"",""pdfPages"":[22]},{""documentId"":""4MB1-2024-summer-01-candidate-qp"",""pdfPages"":[23]}]",[24],Find using a vector method,4,[],Use vectors to solve a geometric intersection problem.; Use position and parallel vectors.; Multiply vectors by scalar parameters.; Subtract position vectors to obtain MP.,Find a vector from a dividing point to the intersection of two lines.,"[""vector-geometry-diagram""]","[""OM=(2/5)OB=2b."",""OP=λ(6a+2b) and OP=3a+μ(−3a+5b)."",""Equate independent coefficients: 6λ=3−3μ and 2λ=5μ; hence λ=5/12 and μ=1/6."",""MP=OP−OM=(5/12)(6a+2b)−2b=(5/2)a−(7/6)b.""]",method-marks,research/extractions/4MB1-2024-summer-01.json#4MB1-2024-summer-01-candidate.Q26.b,"[""Use the path from B with parameter φ=5/6."",""Equivalent expressions from A or reversed vectors with consistent signs.""]","[""Coefficient-comparison mark depends on the first method; MP-expression method is not explicitly dependent on that mark."",""Part (a) expressions can be followed through as quoted in the source; an incorrect parameter cannot become a correct final vector.""]",[],[],source-checked,agent-reviewed,agent-reviewed,Codex,agent,false,No calibrated generated family or marker for this task.,maths-detailed-2026-10-04,2026-10-04
4MB1-2024-summer-01-candidate.Q27,4MB1-2024-summer-01-candidate,27,,leaf,,,[24],"[{""documentId"":""4MB1-2024-summer-01-candidate-qp"",""pdfPages"":[24]}]",[25],Find,5,[],"Differentiate integer powers, including negative powers.; Use a stationary point where the gradient is zero.; Substitute coordinates and a parameter into a formula.",Find a constant using a stationary point and its coordinates.,"[""rational-curve-equation"",""maximum-point""]","[""For y=a+bx^(−1)−9x^(−2), dy/dx=−bx^(−2)+18x^(−3)."",""At the maximum x=3, dy/dx=0 gives −b/9+18/27=0, so b=6."",""Substitute (3,4.4): 4.4=a+6/3−9/9, so a=3.4.""]",method-marks,research/extractions/4MB1-2024-summer-01.json#4MB1-2024-summer-01-candidate.Q27,"[""a=17/5""]","[""Stationary-substitution method depends on the first derivative attempt."",""Curve substitution follows their value of b; no dependency on a correct b is printed.""]",[],[],source-checked,agent-reviewed,agent-reviewed,Codex,agent,false,No calibrated generated family or marker for this task.,maths-detailed-2026-10-04,2026-10-04
4EB1-2024-November-01.Q1,4EB1-2024-November-01,1,,leaf,A,A,[2],"[{""documentId"":""pilot-4EB1-2024-November-01-qp"",""pdfPages"":[30],""sourceLines"":""Text 1: 9–17""}]",[5],Give,1,"{""AO1"":1}",,,"[""passage""]",[],discrete-points,research/pilot/4EB1-2024-November-01.json#4EB1-2024-November-01.Q1,[],[],[],[],indexed,not-mapped,indexed-only,Codex / Astra pilot inspection,agent,false,"Index only; detailed knowledge, solution, alternatives and template analysis pending.",2026-09-08-single-paper-pilot,2026-10-05
4EB1-2024-November-01.Q2,4EB1-2024-November-01,2,,leaf,A,A,[2],"[{""documentId"":""pilot-4EB1-2024-November-01-qp"",""pdfPages"":[31],""sourceLines"":""Text 1: 24–29""}]",[5],State,1,"{""AO1"":1}",,,"[""passage""]",[],discrete-points,research/pilot/4EB1-2024-November-01.json#4EB1-2024-November-01.Q2,[],[],[],[],indexed,not-mapped,indexed-only,Codex / Astra pilot inspection,agent,false,"Index only; detailed knowledge, solution, alternatives and template analysis pending.",2026-09-08-single-paper-pilot,2026-10-05
4EB1-2024-November-01.Q3,4EB1-2024-November-01,3,,leaf,A,A,[3],"[{""documentId"":""pilot-4EB1-2024-November-01-qp"",""pdfPages"":[30,31]}]","[6,7]",How,10,"{""AO2"":10}",,,"[""passage""]",[],levels,research/pilot/4EB1-2024-November-01.json#4EB1-2024-November-01.Q3,[],[],[],[],indexed,not-mapped,indexed-only,Codex / Astra pilot inspection,agent,false,"Index only; detailed knowledge, solution, alternatives and template analysis pending.",2026-09-08-single-paper-pilot,2026-10-05
4EB1-2024-November-01.Q4,4EB1-2024-November-01,4,,leaf,A,A,[6],"[{""documentId"":""pilot-4EB1-2024-November-01-qp"",""pdfPages"":[33],""sourceLines"":""Text 2: 23–29""}]",[8],Identify,1,"{""AO1"":1}",,,"[""passage""]",[],discrete-points,research/pilot/4EB1-2024-November-01.json#4EB1-2024-November-01.Q4,[],[],[],[],indexed,not-mapped,indexed-only,Codex / Astra pilot inspection,agent,false,"Index only; detailed knowledge, solution, alternatives and template analysis pending.",2026-09-08-single-paper-pilot,2026-10-05
4EB1-2024-November-01.Q5,4EB1-2024-November-01,5,,leaf,A,A,[6],"[{""documentId"":""pilot-4EB1-2024-November-01-qp"",""pdfPages"":[33],""sourceLines"":""Text 2: named subsection at lines 30–39""}]",[8],Identify,2,"{""AO1"":2}",Identify relevant explicitly stated information within the requested passage section.,New Year changes and sources of unhappiness.,"[""passage""]","[""Locate the named subsection."",""Identify causes, preserving the negative relationship."",""Select two distinct supported items.""]",discrete-points,research/pilot/4EB1-2024-November-01.json#4EB1-2024-November-01.Q5,[],[],"[{""description"":""Giving an action that removes a cause instead of identifying the cause."",""provenanceKind"":""source-fact"",""documentId"":""pilot-4EB1-2024-November-01-er"",""pdfPages"":[6]},{""description"":""Repeating one item should not earn credit as a second distinct item."",""provenanceKind"":""editorial-inference"",""documentId"":""pilot-4EB1-2024-November-01-ms"",""pdfPages"":[8]}]","[{""documentId"":""pilot-4EB1-2024-November-01-er"",""pdfPages"":[6]}]",source-checked,editorial-AO-skill-only,agent-partial-review,Codex / Astra pilot inspection,agent,false,"Partial scheme summary: two examples are not the complete equivalence list; no runnable rubric. AO1 editorial skill stays in pilot JSON, not an invented official syllabus point; template provisional.",2026-09-08-single-paper-pilot,2026-10-05
4EB1-2024-November-01.Q6,4EB1-2024-November-01,6,,leaf,A,A,[7],"[{""documentId"":""pilot-4EB1-2024-November-01-qp"",""pdfPages"":[32,33]}]","[9,10,11]",Explain,10,"{""AO2"":10}",,,"[""passage""]",[],levels,research/pilot/4EB1-2024-November-01.json#4EB1-2024-November-01.Q6,[],[],[],[],indexed,not-mapped,indexed-only,Codex / Astra pilot inspection,agent,false,"Index only; detailed knowledge, solution, alternatives and template analysis pending.",2026-09-08-single-paper-pilot,2026-10-05
4EB1-2024-November-01.Q7,4EB1-2024-November-01,7,,leaf,A,A,[10],"[{""documentId"":""pilot-4EB1-2024-November-01-qp"",""pdfPages"":[30,31,32,33]}]","[12,13]",Compare,15,"{""AO3"":15}",,,"[""passage""]",[],levels,research/pilot/4EB1-2024-November-01.json#4EB1-2024-November-01.Q7,[],[],[],[],indexed,not-mapped,indexed-only,Codex / Astra pilot inspection,agent,false,"Index only; detailed knowledge, solution, alternatives and template analysis pending.",2026-09-08-single-paper-pilot,2026-10-05
4EB1-2024-November-01.Q8,4EB1-2024-November-01,8,,leaf,B,B,[15],"[{""documentId"":""pilot-4EB1-2024-November-01-qp"",""pdfPages"":[30,31,32,33]}]","[14,15,16,17]",Write,30,"{""AO1"":10,""AO4"":12,""AO5"":8}",,,"[""passage""]",[],levels,research/pilot/4EB1-2024-November-01.json#4EB1-2024-November-01.Q8,[],[],[],[],indexed,not-mapped,indexed-only,Codex / Astra pilot inspection,agent,false,"Index only; detailed knowledge, solution, alternatives and template analysis pending.",2026-09-08-single-paper-pilot,2026-10-05
4EB1-2024-November-01.Q9,4EB1-2024-November-01,9,,leaf,C,C,[21],[],"[18,19,20]",Discuss,30,"{""AO4"":20,""AO5"":10}",,,[],[],levels,research/pilot/4EB1-2024-November-01.json#4EB1-2024-November-01.Q9,[],[],[],[],indexed,not-mapped,indexed-only,Codex / Astra pilot inspection,agent,false,"Index only; detailed knowledge, solution, alternatives and template analysis pending.",2026-09-08-single-paper-pilot,2026-10-05
4EB1-2024-November-01.Q10,4EB1-2024-November-01,10,,leaf,C,C,[21],[],"[18,19,20]",Write,30,"{""AO4"":20,""AO5"":10}",,,[],[],levels,research/pilot/4EB1-2024-November-01.json#4EB1-2024-November-01.Q10,[],[],[],[],indexed,not-mapped,indexed-only,Codex / Astra pilot inspection,agent,false,"Index only; detailed knowledge, solution, alternatives and template analysis pending.",2026-09-08-single-paper-pilot,2026-10-05
4EB1-2024-November-01.Q11,4EB1-2024-November-01,11,,leaf,C,C,[21],[],"[18,19,20]",Describe,30,"{""AO4"":20,""AO5"":10}",,,[],[],levels,research/pilot/4EB1-2024-November-01.json#4EB1-2024-November-01.Q11,[],[],[],[],indexed,not-mapped,indexed-only,Codex / Astra pilot inspection,agent,false,"Index only; detailed knowledge, solution, alternatives and template analysis pending.",2026-09-08-single-paper-pilot,2026-10-05
4HB1-2024-May-01-standard.Q1.a.i,4HB1-2024-May-01-standard,1.a.i,,leaf,,,[2],"[{""documentId"":""4HB1-2024-May-01-standard:questionPaper"",""pdfPages"":[2]}]",[4],State,1,[],sensory neurone function,Identify the nerve-cell type from receptor-to-CNS transport and the shown morphology.,"[""neurone-diagram""]","[""Name a sensory neurone.""]",discrete-points,research/extractions/4HB1-2024-May-01-standard.json#4HB1-2024-May-01-standard.Q1.a.i,"[""Sensory neurone/cell""]",[],[],[],source-checked,agent-reviewed-partial-current-scope,agent-reviewed,Codex visual/source review,agent,false,"No calibrated generative family, semantic marker or learner/examiner response review.",human-detailed-2026-10-05,2026-10-05
4HB1-2024-May-01-standard.Q1.a.ii,4HB1-2024-May-01-standard,1.a.ii,,leaf,,,[2],"[{""documentId"":""4HB1-2024-May-01-standard:questionPaper"",""pdfPages"":[2]}]",[4],Name,1,[],axon structure,Identify label X on the long fibre to the right of the cell body.,"[""neurone-diagram""]","[""Name the axon.""]",discrete-points,research/extractions/4HB1-2024-May-01-standard.json#4HB1-2024-May-01-standard.Q1.a.ii,[],[],[],[],source-checked,agent-reviewed-partial-current-scope,agent-reviewed,Codex visual/source review,agent,false,"No calibrated generative family, semantic marker or learner/examiner response review.",human-detailed-2026-10-05,2026-10-05
4HB1-2024-May-01-standard.Q1.b.i,4HB1-2024-May-01-standard,1.b.i,,leaf,,,[3],"[{""documentId"":""4HB1-2024-May-01-standard:questionPaper"",""pdfPages"":[3]}]",[4],Name,2,[],skin structures,Identify R at the coiled gland and S at the upper dermal vessel in the skin section.,"[""skin-section-diagram""]","[""R is a sweat gland."",""S is a blood vessel.""]",discrete-points,research/extractions/4HB1-2024-May-01-standard.json#4HB1-2024-May-01-standard.Q1.b.i,"[""For S the scheme also accepts capillaries or arterioles.""]",[],[],[],source-checked,agent-reviewed-partial-current-scope,agent-reviewed,Codex visual/source review,agent,false,"No calibrated generative family, semantic marker or learner/examiner response review.",human-detailed-2026-10-05,2026-10-05
4HB1-2024-May-01-standard.Q1.b.ii,4HB1-2024-May-01-standard,1.b.ii,,leaf,,,[3],"[{""documentId"":""4HB1-2024-May-01-standard:questionPaper"",""pdfPages"":[3]}]",[4],Describe,2,[],sweating; evaporative cooling,Describe how the gland identified as R contributes to cooling.,"[""skin-section-diagram""]","[""Produce sweat."",""Sweat evaporates from the skin surface."",""Evaporation takes thermal energy from the body/blood.""]",capped-discrete-points,research/extractions/4HB1-2024-May-01-standard.json#4HB1-2024-May-01-standard.Q1.b.ii,"[""Perspiration is an alternative to sweat.""]","[""R refers to the sweat gland in the shared skin diagram; no automatic error-carried-forward rule is supplied.""]",[],[],source-checked,agent-reviewed-partial-current-scope,agent-reviewed,Codex visual/source review,agent,false,"No calibrated generative family, semantic marker or learner/examiner response review.",human-detailed-2026-10-05,2026-10-05
4HB1-2024-May-01-standard.Q1.b.iii,4HB1-2024-May-01-standard,1.b.iii,,leaf,,,[4],"[{""documentId"":""4HB1-2024-May-01-standard:questionPaper"",""pdfPages"":[3,4]}]",[4],Describe,2,[],insulation; heat loss,Describe how the illustrated fat layer contributes to maintaining temperature.,"[""skin-section-diagram""]","[""Fat provides insulation."",""Insulation reduces heat loss.""]",discrete-points,research/extractions/4HB1-2024-May-01-standard.json#4HB1-2024-May-01-standard.Q1.b.iii,"[""The historical scheme allows trapping heat energy to prevent heat loss; teach this as reduced thermal transfer.""]",[],"[{""description"":""Saying only that it keeps the body warm is explicitly rejected by the source scheme."",""origin"":""source-scheme""}]",[],source-checked,agent-reviewed-partial-current-scope,agent-reviewed,Codex visual/source review,agent,false,"No calibrated generative family, semantic marker or learner/examiner response review.",human-detailed-2026-10-05,2026-10-05
4HB1-2024-May-01-standard.Q1.c.i,4HB1-2024-May-01-standard,1.c.i,,leaf,,,[5],"[{""documentId"":""4HB1-2024-May-01-standard:questionPaper"",""pdfPages"":[5]}]",[4],State,1,[],hazard identification,"Evaluate a supplied temperature-perception method involving hands in water at different temperatures; this is an exam scenario, not student instructions.","[""supplied-practical-method""]","[""Water that is too hot may burn the hands.""]",discrete-points,research/extractions/4HB1-2024-May-01-standard.json#4HB1-2024-May-01-standard.Q1.c.i,"[""Too-hot water or burning hands are source alternatives for the same hazard.""]",[],[],[],source-checked,agent-reviewed-partial-current-scope,agent-reviewed,Codex visual/source review,agent,false,"No calibrated generative family, semantic marker or learner/examiner response review.; Supplied method is not approved practical instructions; future practical variants require method/risk review. No safe threshold invented.",human-detailed-2026-10-05,2026-10-05
4HB1-2024-May-01-standard.Q1.c.ii,4HB1-2024-May-01-standard,1.c.ii,,leaf,,,[5],"[{""documentId"":""4HB1-2024-May-01-standard:questionPaper"",""pdfPages"":[5]}]",[4],Describe,2,[],hazard-linked risk reduction; temperature measurement,Reduce the too-hot-water burn risk in the supplied receptor investigation. No safe numerical temperature limit is supplied by the scheme.,"[""supplied-practical-method""]","[""Use a thermometer."",""Check the water temperature so that it is not too hot.""]",discrete-points,research/extractions/4HB1-2024-May-01-standard.json#4HB1-2024-May-01-standard.Q1.c.ii,"[""Checking the temperature of the water and ensuring it is not too hot are source alternatives for the second point.""]","[""The question refers to the hazard in 1.c.i. This extraction follows the scheme's burn-risk route; no alternative-hazard or follow-through policy was verified.""]",[],[],source-checked,agent-reviewed-partial-current-scope,agent-reviewed,Codex visual/source review,agent,false,"No calibrated generative family, semantic marker or learner/examiner response review.; Supplied method is not approved practical instructions; future practical variants require method/risk review. No safe threshold invented.",human-detailed-2026-10-05,2026-10-05
4HB1-2024-May-01-standard.Q1.c.iii,4HB1-2024-May-01-standard,1.c.iii,,leaf,,,[5],"[{""documentId"":""4HB1-2024-May-01-standard:questionPaper"",""pdfPages"":[5]}]",[4],Name,1,[],temperature receptors,Identify the skin structure that detects temperature after a supplied perception scenario.,"[""supplied-practical-method""]","[""Name a temperature receptor.""]",discrete-points,research/extractions/4HB1-2024-May-01-standard.json#4HB1-2024-May-01-standard.Q1.c.iii,"[""The source scheme also accepts receptor without the temperature qualifier.""]",[],[],[],source-checked,agent-reviewed-partial-current-scope,agent-reviewed,Codex visual/source review,agent,false,"No calibrated generative family, semantic marker or learner/examiner response review.; Supplied method is not approved practical instructions; future practical variants require method/risk review. No safe threshold invented.",human-detailed-2026-10-05,2026-10-05
4HB1-2024-May-01-standard.Q2.a.i,4HB1-2024-May-01-standard,2.a.i,,leaf,,,[6],"[{""documentId"":""4HB1-2024-May-01-standard:questionPaper"",""pdfPages"":[6]}]",[5],Draw,4,[],categorical bar charts; labelled axes and units; linear scale; plotting supplied data,"Construct a bar chart for four food preservation categories using supplied freshness durations; these durations are stimulus values, not general food-storage guidance.","[""categorical-data-table"",""blank-chart-grid""]","[""Label the vertical axis for freshness duration and include days."",""Identify each preservation category on the horizontal axis."",""Choose a suitable scale."",""Plot the supplied values as bars.""]",drawing-discrete-points,research/extractions/4HB1-2024-May-01-standard.json#4HB1-2024-May-01-standard.Q2.a.i,"[""Historical line-graph concession permits only axis-label/category/scale criteria, maximum3; the requested answer is a bar chart.""]",[],[],[],source-checked,agent-reviewed-partial-current-scope,agent-reviewed,Codex visual/source review,agent,false,"No calibrated generative family, semantic marker or learner/examiner response review.; Drawing recognition, scale/plot tolerances and line-graph concession calibration pending. Stimulus dates/durations cannot be generalized as food safety guidance.",human-detailed-2026-10-05,2026-10-05
4HB1-2024-May-01-standard.Q2.a.ii,4HB1-2024-May-01-standard,2.a.ii,,leaf,,,[7],"[{""documentId"":""4HB1-2024-May-01-standard:questionPaper"",""pdfPages"":[6,7]}]",[5],State,1,[],heat treatment in food preservation,Count heat-based methods among the four categories from the preceding table/chart.,"[""shared-categorical-data-table""]","[""One method uses heat treatment: pasteurisation.""]",discrete-points,research/extractions/4HB1-2024-May-01-standard.json#4HB1-2024-May-01-standard.Q2.a.ii,[],"[""Uses the preservation table/chart from2.a.i; no follow-through policy inferred.""]",[],[],source-checked,agent-reviewed-partial-current-scope,agent-reviewed,Codex visual/source review,agent,false,"No calibrated generative family, semantic marker or learner/examiner response review.",human-detailed-2026-10-05,2026-10-05
4HB1-2024-May-01-standard.Q2.b,4HB1-2024-May-01-standard,2.b,,leaf,,,[7],"[{""documentId"":""4HB1-2024-May-01-standard:questionPaper"",""pdfPages"":[7]}]",[5],Complete,6,[],bacterial growth phases; relative rates of bacterial division and death,"Fill six ordered gaps describing bacterial growth phases using a supplied word bank. Keep this as one six-mark task, not six invented leaf parts.","[""word-bank"",""six-gap-passage""]","[""Gap1: lag."",""Gap2: exponential."",""Gap3: equal to."",""Gap4: death."",""Gap5: less than."",""Gap6: dying.""]",ordered-gap-points,research/extractions/4HB1-2024-May-01-standard.json#4HB1-2024-May-01-standard.Q2.b,[],[],"[{""description"":""Confusing stationary phase equality with the death-phase imbalance, or placing growth-phase names into the wrong slots."",""origin"":""editorial""}]",[],source-checked,agent-reviewed-partial-current-scope,agent-reviewed,Codex visual/source review,agent,false,"No calibrated generative family, semantic marker or learner/examiner response review.",human-detailed-2026-10-05,2026-10-05
4HB1-2024-May-01-standard.Q3.a.i,4HB1-2024-May-01-standard,3.a.i,,leaf,,,[8],"[{""documentId"":""4HB1-2024-May-01-standard:questionPaper"",""pdfPages"":[8]}]",[6],Name,1,[],,Chromosome location,[],[],,,[],[],[],[],indexed-only,not-started,agent-reviewed-structural-only,Codex visual/source review,agent,false,"Detailed extraction, rubric and syllabus/skill/AO mapping pending; not a processed task.",human-detailed-2026-10-05,2026-10-05
4HB1-2024-May-01-standard.Q3.a.ii,4HB1-2024-May-01-standard,3.a.ii,,leaf,,,[8],"[{""documentId"":""4HB1-2024-May-01-standard:questionPaper"",""pdfPages"":[8]}]",[6],Name,1,[],,Alternative gene form,[],[],,,[],[],[],[],indexed-only,not-started,agent-reviewed-structural-only,Codex visual/source review,agent,false,"Detailed extraction, rubric and syllabus/skill/AO mapping pending; not a processed task.",human-detailed-2026-10-05,2026-10-05
4HB1-2024-May-01-standard.Q3.a.iii,4HB1-2024-May-01-standard,3.a.iii,,leaf,,,[8],"[{""documentId"":""4HB1-2024-May-01-standard:questionPaper"",""pdfPages"":[8]}]",[6],State,1,[],,Polydactyly phenotype,[],[],,,[],[],[],[],indexed-only,not-started,agent-reviewed-structural-only,Codex visual/source review,agent,false,"Detailed extraction, rubric and syllabus/skill/AO mapping pending; not a processed task.",human-detailed-2026-10-05,2026-10-05
4HB1-2024-May-01-standard.Q3.b.i,4HB1-2024-May-01-standard,3.b.i,,leaf,,,[8],"[{""documentId"":""4HB1-2024-May-01-standard:questionPaper"",""pdfPages"":[8]}]",[6],State,1,[],,Parental genotype terminology,[],[],,,[],[],[],[],indexed-only,not-started,agent-reviewed-structural-only,Codex visual/source review,agent,false,"Detailed extraction, rubric and syllabus/skill/AO mapping pending; not a processed task.",human-detailed-2026-10-05,2026-10-05
4HB1-2024-May-01-standard.Q3.b.ii,4HB1-2024-May-01-standard,3.b.ii,,leaf,,,[9],"[{""documentId"":""4HB1-2024-May-01-standard:questionPaper"",""pdfPages"":[8,9]}]",[6],Choose,1,[],,Pedigree choice,[],[],,,[],[],[],[],indexed-only,not-started,agent-reviewed-structural-only,Codex visual/source review,agent,false,"Detailed extraction, rubric and syllabus/skill/AO mapping pending; not a processed task.",human-detailed-2026-10-05,2026-10-05
4HB1-2024-May-01-standard.Q3.c,4HB1-2024-May-01-standard,3.c,,leaf,,,[9],"[{""documentId"":""4HB1-2024-May-01-standard:questionPaper"",""pdfPages"":[9]}]",[6],Describe,4,[],,DNA structure,[],[],,,[],[],[],[],indexed-only,not-started,agent-reviewed-structural-only,Codex visual/source review,agent,false,"Detailed extraction, rubric and syllabus/skill/AO mapping pending; not a processed task.",human-detailed-2026-10-05,2026-10-05
4HB1-2024-May-01-standard.Q4.a.i,4HB1-2024-May-01-standard,4.a.i,,leaf,,,[10],"[{""documentId"":""4HB1-2024-May-01-standard:questionPaper"",""pdfPages"":[10]}]",[7],Draw,3,[],,Inspired and expired gas apparatus,[],[],,,[],[],[],[],indexed-only,not-started,agent-reviewed-structural-only,Codex visual/source review,agent,false,"Detailed extraction, rubric and syllabus/skill/AO mapping pending; not a processed task.",human-detailed-2026-10-05,2026-10-05
4HB1-2024-May-01-standard.Q4.a.ii,4HB1-2024-May-01-standard,4.a.ii,,leaf,,,[11],"[{""documentId"":""4HB1-2024-May-01-standard:questionPaper"",""pdfPages"":[10,11]}]",[7],State,1,[],,Apparatus precaution,[],[],,,[],[],[],[],indexed-only,not-started,agent-reviewed-structural-only,Codex visual/source review,agent,false,"Detailed extraction, rubric and syllabus/skill/AO mapping pending; not a processed task.",human-detailed-2026-10-05,2026-10-05
4HB1-2024-May-01-standard.Q4.b.i,4HB1-2024-May-01-standard,4.b.i,,leaf,,,[11],"[{""documentId"":""4HB1-2024-May-01-standard:questionPaper"",""pdfPages"":[11]}]",[7],State,1,[],,Exercise control variable,[],[],,,[],[],[],[],indexed-only,not-started,agent-reviewed-structural-only,Codex visual/source review,agent,false,"Detailed extraction, rubric and syllabus/skill/AO mapping pending; not a processed task.",human-detailed-2026-10-05,2026-10-05
4HB1-2024-May-01-standard.Q4.b.ii,4HB1-2024-May-01-standard,4.b.ii,,leaf,,,[11],"[{""documentId"":""4HB1-2024-May-01-standard:questionPaper"",""pdfPages"":[11]}]",[7],Explain,4,[],,Exercise and working muscles,[],[],,,[],[],[],[],indexed-only,not-started,agent-reviewed-structural-only,Codex visual/source review,agent,false,"Detailed extraction, rubric and syllabus/skill/AO mapping pending; not a processed task.",human-detailed-2026-10-05,2026-10-05
4HB1-2024-May-01-standard.Q5.a.i,4HB1-2024-May-01-standard,5.a.i,,leaf,,,[12],"[{""documentId"":""4HB1-2024-May-01-standard:questionPaper"",""pdfPages"":[12]}]",[8],Describe,5,[],,Enzyme temperature investigation,[],[],,,[],[],[],[],indexed-only,not-started,agent-reviewed-structural-only,Codex visual/source review,agent,false,"Detailed extraction, rubric and syllabus/skill/AO mapping pending; not a processed task.",human-detailed-2026-10-05,2026-10-05
4HB1-2024-May-01-standard.Q5.a.ii,4HB1-2024-May-01-standard,5.a.ii,,leaf,,,[13],"[{""documentId"":""4HB1-2024-May-01-standard:questionPaper"",""pdfPages"":[12,13]}]",[8],State,1,[],,Independent variable,[],[],,,[],[],[],[],indexed-only,not-started,agent-reviewed-structural-only,Codex visual/source review,agent,false,"Detailed extraction, rubric and syllabus/skill/AO mapping pending; not a processed task.",human-detailed-2026-10-05,2026-10-05
4HB1-2024-May-01-standard.Q5.b,4HB1-2024-May-01-standard,5.b,,leaf,,,[13],"[{""documentId"":""4HB1-2024-May-01-standard:questionPaper"",""pdfPages"":[13]}]",[8],Explain,4,[],,Low temperature enzyme rate,[],[],,,[],[],[],[],indexed-only,not-started,agent-reviewed-structural-only,Codex visual/source review,agent,false,"Detailed extraction, rubric and syllabus/skill/AO mapping pending; not a processed task.",human-detailed-2026-10-05,2026-10-05
4HB1-2024-May-01-standard.Q6.a.i,4HB1-2024-May-01-standard,6.a.i,,leaf,,,[15],"[{""documentId"":""4HB1-2024-May-01-standard:questionPaper"",""pdfPages"":[15]}]",[9],Calculate,2,[],,Cube surface area,[],[],,,[],[],[],[],indexed-only,not-started,agent-reviewed-structural-only,Codex visual/source review,agent,false,"Detailed extraction, rubric and syllabus/skill/AO mapping pending; not a processed task.",human-detailed-2026-10-05,2026-10-05
4HB1-2024-May-01-standard.Q6.a.ii,4HB1-2024-May-01-standard,6.a.ii,,leaf,,,[15],"[{""documentId"":""4HB1-2024-May-01-standard:questionPaper"",""pdfPages"":[15]}]",[9],Calculate,2,[],,Cube volume,[],[],,,[],[],[],[],indexed-only,not-started,agent-reviewed-structural-only,Codex visual/source review,agent,false,"Detailed extraction, rubric and syllabus/skill/AO mapping pending; not a processed task.",human-detailed-2026-10-05,2026-10-05
4HB1-2024-May-01-standard.Q6.a.iii,4HB1-2024-May-01-standard,6.a.iii,,leaf,,,[15],"[{""documentId"":""4HB1-2024-May-01-standard:questionPaper"",""pdfPages"":[15]}]",[9],Calculate,2,[],,Surface area to volume ratio,[],[],,,[],[],[],[],indexed-only,not-started,agent-reviewed-structural-only,Codex visual/source review,agent,false,"Detailed extraction, rubric and syllabus/skill/AO mapping pending; not a processed task.",human-detailed-2026-10-05,2026-10-05
4HB1-2024-May-01-standard.Q6.b,4HB1-2024-May-01-standard,6.b,,leaf,,,[16],"[{""documentId"":""4HB1-2024-May-01-standard:questionPaper"",""pdfPages"":[15,16]}]",[9],Describe,5,[],,Blood delivery to tissue,[],[],,,[],[],[],[],indexed-only,not-started,agent-reviewed-structural-only,Codex visual/source review,agent,false,"Detailed extraction, rubric and syllabus/skill/AO mapping pending; not a processed task.",human-detailed-2026-10-05,2026-10-05
4HB1-2024-May-01-standard.Q6.c,4HB1-2024-May-01-standard,6.c,,leaf,,,[17],"[{""documentId"":""4HB1-2024-May-01-standard:questionPaper"",""pdfPages"":[17]}]",[9],Explain,2,[],,Direct bacterial exchange,[],[],,,[],[],[],[],indexed-only,not-started,agent-reviewed-structural-only,Codex visual/source review,agent,false,"Detailed extraction, rubric and syllabus/skill/AO mapping pending; not a processed task.",human-detailed-2026-10-05,2026-10-05
4HB1-2024-May-01-standard.Q7.a,4HB1-2024-May-01-standard,7.a,,leaf,,,[18],"[{""documentId"":""4HB1-2024-May-01-standard:questionPaper"",""pdfPages"":[18]}]",[10],Describe,4,[],,Inhalation,[],[],,,[],[],[],[],indexed-only,not-started,agent-reviewed-structural-only,Codex visual/source review,agent,false,"Detailed extraction, rubric and syllabus/skill/AO mapping pending; not a processed task.",human-detailed-2026-10-05,2026-10-05
4HB1-2024-May-01-standard.Q7.b,4HB1-2024-May-01-standard,7.b,,leaf,,,[18],"[{""documentId"":""4HB1-2024-May-01-standard:questionPaper"",""pdfPages"":[18]}]",[10],Explain,2,[],,Carotid chemoreceptors,[],[],,,[],[],[],[],indexed-only,not-started,agent-reviewed-structural-only,Codex visual/source review,agent,false,"Detailed extraction, rubric and syllabus/skill/AO mapping pending; not a processed task.",human-detailed-2026-10-05,2026-10-05
4HB1-2024-May-01-standard.Q7.c.i,4HB1-2024-May-01-standard,7.c.i,,leaf,,,[19],"[{""documentId"":""4HB1-2024-May-01-standard:questionPaper"",""pdfPages"":[19]}]",[10],Name,1,[],,Spirometer labelled volume X,[],[],,,[],[],[],[],indexed-only,not-started,agent-reviewed-structural-only,Codex visual/source review,agent,false,"Detailed extraction, rubric and syllabus/skill/AO mapping pending; not a processed task.",human-detailed-2026-10-05,2026-10-05
4HB1-2024-May-01-standard.Q7.c.ii,4HB1-2024-May-01-standard,7.c.ii,,leaf,,,[19],"[{""documentId"":""4HB1-2024-May-01-standard:questionPaper"",""pdfPages"":[19]}]",[10],Name,1,[],,Spirometer labelled volume Y,[],[],,,[],[],[],[],indexed-only,not-started,agent-reviewed-structural-only,Codex visual/source review,agent,false,"Detailed extraction, rubric and syllabus/skill/AO mapping pending; not a processed task.",human-detailed-2026-10-05,2026-10-05
4HB1-2024-May-01-standard.Q7.c.iii,4HB1-2024-May-01-standard,7.c.iii,,leaf,,,[19],"[{""documentId"":""4HB1-2024-May-01-standard:questionPaper"",""pdfPages"":[19]}]",[10],Name,1,[],,Spirometer labelled volume W,[],[],,,[],[],[],[],indexed-only,not-started,agent-reviewed-structural-only,Codex visual/source review,agent,false,"Detailed extraction, rubric and syllabus/skill/AO mapping pending; not a processed task.",human-detailed-2026-10-05,2026-10-05
4HB1-2024-May-01-standard.Q8.a.i,4HB1-2024-May-01-standard,8.a.i,,leaf,,,[20],"[{""documentId"":""4HB1-2024-May-01-standard:questionPaper"",""pdfPages"":[20]}]",[11],Describe,2,[],,Sewage screen stage,[],[],,,[],[],[],[],indexed-only,not-started,agent-reviewed-structural-only,Codex visual/source review,agent,false,"Detailed extraction, rubric and syllabus/skill/AO mapping pending; not a processed task.",human-detailed-2026-10-05,2026-10-05
4HB1-2024-May-01-standard.Q8.a.ii,4HB1-2024-May-01-standard,8.a.ii,,leaf,,,[21],"[{""documentId"":""4HB1-2024-May-01-standard:questionPaper"",""pdfPages"":[20,21]}]",[11],Explain,2,[],,Aeration stage,[],[],,,[],[],[],[],indexed-only,not-started,agent-reviewed-structural-only,Codex visual/source review,agent,false,"Detailed extraction, rubric and syllabus/skill/AO mapping pending; not a processed task.",human-detailed-2026-10-05,2026-10-05
4HB1-2024-May-01-standard.Q8.a.iii,4HB1-2024-May-01-standard,8.a.iii,,leaf,,,[21],"[{""documentId"":""4HB1-2024-May-01-standard:questionPaper"",""pdfPages"":[20,21]}]",[11],Name,1,[],,Biogas stage,[],[],,,[],[],[],[],indexed-only,not-started,agent-reviewed-structural-only,Codex visual/source review,agent,false,"Detailed extraction, rubric and syllabus/skill/AO mapping pending; not a processed task.",human-detailed-2026-10-05,2026-10-05
4HB1-2024-May-01-standard.Q8.b,4HB1-2024-May-01-standard,8.b,,leaf,,,[21],"[{""documentId"":""4HB1-2024-May-01-standard:questionPaper"",""pdfPages"":[21]}]",[11],Explain,2,[],,Treated sludge use,[],[],,,[],[],[],[],indexed-only,not-started,agent-reviewed-structural-only,Codex visual/source review,agent,false,"Detailed extraction, rubric and syllabus/skill/AO mapping pending; not a processed task.",human-detailed-2026-10-05,2026-10-05
4HB1-2024-May-01-standard.Q9.a.i,4HB1-2024-May-01-standard,9.a.i,,leaf,,,[22],"[{""documentId"":""4HB1-2024-May-01-standard:questionPaper"",""pdfPages"":[22]}]",[11],Name,2,[],,Three non-O ABO groups,[],[],,,[],[],[],[],indexed-only,not-started,agent-reviewed-structural-only,Codex visual/source review,agent,false,"Detailed extraction, rubric and syllabus/skill/AO mapping pending; not a processed task.",human-detailed-2026-10-05,2026-10-05
4HB1-2024-May-01-standard.Q9.a.ii,4HB1-2024-May-01-standard,9.a.ii,,leaf,,,[22],"[{""documentId"":""4HB1-2024-May-01-standard:questionPaper"",""pdfPages"":[22]}]",[11],Explain,5,[],,ABO red-cell compatibility model,[],[],,,[],[],[],[],indexed-only,not-started,agent-reviewed-structural-only,Codex visual/source review,agent,false,"Detailed extraction, rubric and syllabus/skill/AO mapping pending; not a processed task.",human-detailed-2026-10-05,2026-10-05
4HB1-2024-May-01-standard.Q9.b.i,4HB1-2024-May-01-standard,9.b.i,,leaf,,,[23],"[{""documentId"":""4HB1-2024-May-01-standard:questionPaper"",""pdfPages"":[23]}]",[11],Explain,2,[],,Sex-linked haemophilia,[],[],,,[],[],[],[],indexed-only,not-started,agent-reviewed-structural-only,Codex visual/source review,agent,false,"Detailed extraction, rubric and syllabus/skill/AO mapping pending; not a processed task.",human-detailed-2026-10-05,2026-10-05
4HB1-2024-May-01-standard.Q9.b.ii,4HB1-2024-May-01-standard,9.b.ii,,leaf,,,[23],"[{""documentId"":""4HB1-2024-May-01-standard:questionPaper"",""pdfPages"":[23]}]",[11],State,1,[],,Haemophilia symptom,[],[],,,[],[],[],[],indexed-only,not-started,agent-reviewed-structural-only,Codex visual/source review,agent,false,"Detailed extraction, rubric and syllabus/skill/AO mapping pending; not a processed task.",human-detailed-2026-10-05,2026-10-05
